[
	{"pk": 1, "model": "auth.user", "fields": {"username": "waybetter_admin", "first_name": "", "last_name": "", "is_active": true, "is_superuser": true, "is_staff": true, "password": "sha1$3a272$b684614ebc3e14a0dfc06463961fbc9238718e88", "email": "guykrem@gmail.com"}}, {"pk": 6, "model": "auth.user", "fields": {"username": "john", "first_name": "John ", "last_name": "Browns", "is_active": true, "is_superuser": true, "is_staff": true, "password": "sha1$a53b1$37a459b8004456ff0aa50d669c2da7b7d9a901a5", "email": ""}}, {"pk": 26, "model": "auth.user", "fields": {"username": "station1", "first_name": "", "last_name": "", "is_active": true, "is_superuser": false, "is_staff": false, "password": "sha1$d7eeb$b2feb21a006bb30c1c7efb8495e78905fe16a204", "email": ""}}, {"pk": 69, "model": "auth.user", "fields": {"username": "workstation1", "first_name": "", "last_name": "", "is_active": true, "is_superuser": false, "is_staff": false, "password": "sha1$02bed$5505acf8aea619d82511aa3e5b85ca8a105a63f7", "email": ""}}, {"pk": 72, "model": "auth.user", "fields": {"username": "workstation2", "first_name": "", "last_name": "", "is_active": true, "is_superuser": false, "is_staff": false, "password": "sha1$03ed2$84c8facd454471683f837b455a55ccccaddfd964", "email": ""}},
    {
        "pk": 14, 
        "model": "contenttypes.contenttype", 
        "fields": {
            "model": "city", 
            "name": "city", 
            "app_label": "common"
        }
    }, 
    {
        "pk": 3, 
        "model": "contenttypes.contenttype", 
        "fields": {
            "model": "country", 
            "name": "country", 
            "app_label": "common"
        }
    }, 
    {
        "pk": 2, 
        "model": "contenttypes.contenttype", 
        "fields": {
            "model": "order", 
            "name": "order", 
            "app_label": "ordering"
        }
    }, 
    {
        "pk": 11, 
        "model": "contenttypes.contenttype", 
        "fields": {
            "model": "orderassignment", 
            "name": "order assignment", 
            "app_label": "ordering"
        }
    }, 
    {
        "pk": 4, 
        "model": "contenttypes.contenttype", 
        "fields": {
            "model": "passenger", 
            "name": "passenger", 
            "app_label": "ordering"
        }
    }, 
    {
        "pk": 29, 
        "model": "contenttypes.contenttype", 
        "fields": {
            "model": "station", 
            "name": "station", 
            "app_label": "ordering"
        }
    }, 
    {
        "pk": 5, 
        "model": "contenttypes.contenttype", 
        "fields": {
            "model": "user", 
            "name": "user", 
            "app_label": "auth"
        }
    }, 
    {
        "pk": 32, 
        "model": "contenttypes.contenttype", 
        "fields": {
            "model": "workstation", 
            "name": "work station", 
            "app_label": "ordering"
        }
    }, 
    {
        "pk": "19e62dd66f89ddda63d012b301230910", 
        "model": "sessions.session", 
        "fields": {
            "expire_date": "2010-08-29 12:51:54", 
            "session_data": "gAJ9cQAuYTdiNTU2MDRkYmM4NmFkZDk4MmFhMDRkNmIyNTMyNTg=\n"
        }
    }, 
    {
        "pk": "278107a6da17c096b7c120ac85d344f9", 
        "model": "sessions.session", 
        "fields": {
            "expire_date": "2010-08-25 09:08:00", 
            "session_data": "gAJ9cQAoVRJfYXV0aF91c2VyX2JhY2tlbmRxAVUpZGphbmdvLmNvbnRyaWIuYXV0aC5iYWNrZW5k\ncy5Nb2RlbEJhY2tlbmRxAlUNX2F1dGhfdXNlcl9pZHEDigEBdS5jOWQzMmU2MDBmNjhmYzgxZjg5\nMDI0NDYwOGM5YjE3Zg==\n"
        }
    }, 
    {
        "pk": "3653f5173deffa3d6fce585ca3fe741e", 
        "model": "sessions.session", 
        "fields": {
            "expire_date": "2010-08-29 18:49:55", 
            "session_data": "gAJ9cQAoVRJfYXV0aF91c2VyX2JhY2tlbmRxAVUpZGphbmdvLmNvbnRyaWIuYXV0aC5iYWNrZW5k\ncy5Nb2RlbEJhY2tlbmRxAlUNX2F1dGhfdXNlcl9pZHEDigFIdS42ZjlhMDk0MDQzMjBmMjk2N2Yx\nMzFkZDcxMTU1MWVkYQ==\n"
        }
    }, 
    {
        "pk": "385ba73293beefd2d468583a17e2eab3", 
        "model": "sessions.session", 
        "fields": {
            "expire_date": "2010-08-19 12:44:35", 
            "session_data": "gAJ9cQAoVRJfYXV0aF91c2VyX2JhY2tlbmRxAVUpZGphbmdvLmNvbnRyaWIuYXV0aC5iYWNrZW5k\ncy5Nb2RlbEJhY2tlbmRxAlUNX2F1dGhfdXNlcl9pZHEDigEGdS45ZWZiMjNjZjM4YTZjMDBkNWI4\nYWI1MDVhNzBiNWE0Mg==\n"
        }
    }, 
    {
        "pk": "475d27d0d4c62e3bec0298f4cc7b7b4a", 
        "model": "sessions.session", 
        "fields": {
            "expire_date": "2010-08-30 08:14:12", 
            "session_data": "gAJ9cQAoVRJfYXV0aF91c2VyX2JhY2tlbmRxAVUpZGphbmdvLmNvbnRyaWIuYXV0aC5iYWNrZW5k\ncy5Nb2RlbEJhY2tlbmRxAlUNX2F1dGhfdXNlcl9pZHEDigEGdS45ZWZiMjNjZjM4YTZjMDBkNWI4\nYWI1MDVhNzBiNWE0Mg==\n"
        }
    }, 
    {
        "pk": "49516ce38490d7f1b49d16485d3875b8", 
        "model": "sessions.session", 
        "fields": {
            "expire_date": "2010-08-30 08:14:45", 
            "session_data": "gAJ9cQAoVRJfYXV0aF91c2VyX2JhY2tlbmRxAVUpZGphbmdvLmNvbnRyaWIuYXV0aC5iYWNrZW5k\ncy5Nb2RlbEJhY2tlbmRxAlUNX2F1dGhfdXNlcl9pZHEDigFFdS5kYTYyYjA4YjI0ZjJlYTM3ZTk2\nMjU4YThhNjI1MDFmMw==\n"
        }
    }, 
    {
        "pk": "5267d579c4454595b65649d7fc9ec2a4", 
        "model": "sessions.session", 
        "fields": {
            "expire_date": "2010-08-19 13:49:43", 
            "session_data": "gAJ9cQAoVRJfYXV0aF91c2VyX2JhY2tlbmRxAVUpZGphbmdvLmNvbnRyaWIuYXV0aC5iYWNrZW5k\ncy5Nb2RlbEJhY2tlbmRxAlUNX2F1dGhfdXNlcl9pZHEDigEGdS45ZWZiMjNjZjM4YTZjMDBkNWI4\nYWI1MDVhNzBiNWE0Mg==\n"
        }
    }, 
    {
        "pk": "66f16ba90c526c1f8086faa2bc9571a0", 
        "model": "sessions.session", 
        "fields": {
            "expire_date": "2010-08-17 15:10:16", 
            "session_data": "gAJ9cQAoVRJfYXV0aF91c2VyX2JhY2tlbmRxAVUpZGphbmdvLmNvbnRyaWIuYXV0aC5iYWNrZW5k\ncy5Nb2RlbEJhY2tlbmRxAlUNX2F1dGhfdXNlcl9pZHEDSwF1LjE4NmQ3NGI0YTE5MWRhYmQ4ZGYy\nYmZiMDljZWQwZmM3\n"
        }
    }, 
    {
        "pk": "700707266bca4e2c8a14822393abee40", 
        "model": "sessions.session", 
        "fields": {
            "expire_date": "2010-08-30 07:30:19", 
            "session_data": "gAJ9cQAoVRJfYXV0aF91c2VyX2JhY2tlbmRxAVUpZGphbmdvLmNvbnRyaWIuYXV0aC5iYWNrZW5k\ncy5Nb2RlbEJhY2tlbmRxAlUNX2F1dGhfdXNlcl9pZHEDSwZ1LmUxZTkxYWExYzQ3ZDZmNjMxYmRk\nY2JlNjU3YzM0ZDU2\n"
        }
    }, 
    {
        "pk": "8e1595b7b242c938934b1fa400710f85", 
        "model": "sessions.session", 
        "fields": {
            "expire_date": "2010-08-19 14:40:48", 
            "session_data": "gAJ9cQAoVRJfYXV0aF91c2VyX2JhY2tlbmRxAVUpZGphbmdvLmNvbnRyaWIuYXV0aC5iYWNrZW5k\ncy5Nb2RlbEJhY2tlbmRxAlUNX2F1dGhfdXNlcl9pZHEDigEGdS45ZWZiMjNjZjM4YTZjMDBkNWI4\nYWI1MDVhNzBiNWE0Mg==\n"
        }
    }, 
    {
        "pk": "8eb8011463b2d4c1459ba73e607eb8b3", 
        "model": "sessions.session", 
        "fields": {
            "expire_date": "2010-08-26 08:33:34", 
            "session_data": "gAJ9cQAoVRJfYXV0aF91c2VyX2JhY2tlbmRxAVUpZGphbmdvLmNvbnRyaWIuYXV0aC5iYWNrZW5k\ncy5Nb2RlbEJhY2tlbmRxAlUNX2F1dGhfdXNlcl9pZHEDS0V1Ljk3Y2YwMGQxODE4MzE0MzZkNDU1\nZmNkNjU1Mjc2NGQz\n"
        }
    }, 
    {
        "pk": "a69d236acdbeab20950af6fe8b8ae83c", 
        "model": "sessions.session", 
        "fields": {
            "expire_date": "2010-08-25 09:01:21", 
            "session_data": "gAJ9cQAoVRJfYXV0aF91c2VyX2JhY2tlbmRxAVUpZGphbmdvLmNvbnRyaWIuYXV0aC5iYWNrZW5k\ncy5Nb2RlbEJhY2tlbmRxAlUNX2F1dGhfdXNlcl9pZHEDigEBdS5jOWQzMmU2MDBmNjhmYzgxZjg5\nMDI0NDYwOGM5YjE3Zg==\n"
        }
    }, 
    {
        "pk": "b089067c0e78f8b6755346c0c78ab831", 
        "model": "sessions.session", 
        "fields": {
            "expire_date": "2010-08-24 12:32:17", 
            "session_data": "gAJ9cQAoVRJfYXV0aF91c2VyX2JhY2tlbmRxAVUpZGphbmdvLmNvbnRyaWIuYXV0aC5iYWNrZW5k\ncy5Nb2RlbEJhY2tlbmRxAlUNX2F1dGhfdXNlcl9pZHEDSwF1LjE4NmQ3NGI0YTE5MWRhYmQ4ZGYy\nYmZiMDljZWQwZmM3\n"
        }
    }, 
    {
        "pk": "b09f13c0dcc2e7cfe4cb9d71a6a5b669", 
        "model": "sessions.session", 
        "fields": {
            "expire_date": "2010-08-30 08:20:56", 
            "session_data": "gAJ9cQAoVRJfYXV0aF91c2VyX2JhY2tlbmRxAVUpZGphbmdvLmNvbnRyaWIuYXV0aC5iYWNrZW5k\ncy5Nb2RlbEJhY2tlbmRxAlUNX2F1dGhfdXNlcl9pZHEDS0h1LmUwYzQ4YTlmNjc2NDM2ODg2OWFj\nMjQ5NTg0NWYwY2E0\n"
        }
    }, 
    {
        "pk": "b33780c39cdd7a4229bed181fe632cb0", 
        "model": "sessions.session", 
        "fields": {
            "expire_date": "2010-08-19 12:59:09", 
            "session_data": "gAJ9cQAoVRJfYXV0aF91c2VyX2JhY2tlbmRxAVUpZGphbmdvLmNvbnRyaWIuYXV0aC5iYWNrZW5k\ncy5Nb2RlbEJhY2tlbmRxAlUNX2F1dGhfdXNlcl9pZHEDSwZ1LmUxZTkxYWExYzQ3ZDZmNjMxYmRk\nY2JlNjU3YzM0ZDU2\n"
        }
    }, 
    {
        "pk": "e74a74c0e5863150003dc261b43e980e", 
        "model": "sessions.session", 
        "fields": {
            "expire_date": "2010-08-30 06:40:11", 
            "session_data": "gAJ9cQAoVRJfYXV0aF91c2VyX2JhY2tlbmRxAVUpZGphbmdvLmNvbnRyaWIuYXV0aC5iYWNrZW5k\ncy5Nb2RlbEJhY2tlbmRxAlUNX2F1dGhfdXNlcl9pZHEDigFFdS5kYTYyYjA4YjI0ZjJlYTM3ZTk2\nMjU4YThhNjI1MDFmMw==\n"
        }
    }, 
    {
        "pk": "f340d2843877f6e8a6d4e9fdeecd8e5c", 
        "model": "sessions.session", 
        "fields": {
            "expire_date": "2010-08-26 12:45:46", 
            "session_data": "gAJ9cQAoVRJfYXV0aF91c2VyX2JhY2tlbmRxAVUpZGphbmdvLmNvbnRyaWIuYXV0aC5iYWNrZW5k\ncy5Nb2RlbEJhY2tlbmRxAlUNX2F1dGhfdXNlcl9pZHEDigFFdS5kYTYyYjA4YjI0ZjJlYTM3ZTk2\nMjU4YThhNjI1MDFmMw==\n"
        }
    }, 
    {
        "pk": "f5d801e11835152fecfdab8d9f640d97", 
        "model": "sessions.session", 
        "fields": {
            "expire_date": "2010-08-18 11:06:41", 
            "session_data": "gAJ9cQAoVRJfYXV0aF91c2VyX2JhY2tlbmRxAVUpZGphbmdvLmNvbnRyaWIuYXV0aC5iYWNrZW5k\ncy5Nb2RlbEJhY2tlbmRxAlUNX2F1dGhfdXNlcl9pZHEDigEGdS45ZWZiMjNjZjM4YTZjMDBkNWI4\nYWI1MDVhNzBiNWE0Mg==\n"
        }
    }, 
    {
        "pk": 470, 
        "model": "admin.logentry", 
        "fields": {
            "action_flag": 1, 
            "action_time": "2010-08-16 06:47:31", 
            "object_repr": "Workstation ", 
            "object_id": "469", 
            "change_message": "", 
            "user": 6, 
            "content_type": 32
        }
    }, 
    {
        "pk": 468, 
        "model": "admin.logentry", 
        "fields": {
            "action_flag": 2, 
            "action_time": "2010-08-16 06:47:17", 
            "object_repr": "workstation3", 
            "object_id": "466", 
            "change_message": "No fields changed.", 
            "user": 6, 
            "content_type": 5
        }
    }, 
    {
        "pk": 467, 
        "model": "admin.logentry", 
        "fields": {
            "action_flag": 1, 
            "action_time": "2010-08-16 06:47:12", 
            "object_repr": "workstation3", 
            "object_id": "466", 
            "change_message": "", 
            "user": 6, 
            "content_type": 5
        }
    }, 
    {
        "pk": 465, 
        "model": "admin.logentry", 
        "fields": {
            "action_flag": 1, 
            "action_time": "2010-08-16 06:46:50", 
            "object_repr": "Silver Cabs", 
            "object_id": "464", 
            "change_message": "", 
            "user": 6, 
            "content_type": 29
        }
    }, 
    {
        "pk": 463, 
        "model": "admin.logentry", 
        "fields": {
            "action_flag": 2, 
            "action_time": "2010-08-16 06:46:23", 
            "object_repr": "station2", 
            "object_id": "461", 
            "change_message": "No fields changed.", 
            "user": 6, 
            "content_type": 5
        }
    }, 
    {
        "pk": 462, 
        "model": "admin.logentry", 
        "fields": {
            "action_flag": 1, 
            "action_time": "2010-08-16 06:46:20", 
            "object_repr": "station2", 
            "object_id": "461", 
            "change_message": "", 
            "user": 6, 
            "content_type": 5
        }
    }, 
    {
        "pk": 412, 
        "model": "admin.logentry", 
        "fields": {
            "action_flag": 3, 
            "action_time": "2010-08-15 12:47:56", 
            "object_repr": "order from \u05d4\u05e8\u05e6\u05dc 10, \u05ea\u05dc \u05d0\u05d1\u05d9\u05d1 - \u05d9\u05e4\u05d5 to \u05d0\u05dc\u05e0\u05d1\u05d9 50, \u05ea\u05dc \u05d0\u05d1\u05d9\u05d1 - \u05d9\u05e4\u05d5", 
            "object_id": "411", 
            "change_message": "", 
            "user": 6, 
            "content_type": 2
        }
    }, 
    {
        "pk": 388, 
        "model": "admin.logentry", 
        "fields": {
            "action_flag": 3, 
            "action_time": "2010-08-15 09:26:59", 
            "object_repr": "order from \u05e8\u05d1\u05e0\u05d5 \u05ea\u05dd 10, \u05d4\u05e8\u05e6\u05dc\u05d9\u05d4 to \u05d0\u05dc\u05e0\u05d1\u05d9 50, \u05d7\u05d9\u05e4\u05d4", 
            "object_id": "25", 
            "change_message": "", 
            "user": 6, 
            "content_type": 2
        }
    }, 
    {
        "pk": 387, 
        "model": "admin.logentry", 
        "fields": {
            "action_flag": 3, 
            "action_time": "2010-08-15 09:26:59", 
            "object_repr": "order from \u05d0\u05d1\u05df \u05d2\u05d1\u05d9\u05e8\u05d5\u05dc 29, \u05ea\u05dc \u05d0\u05d1\u05d9\u05d1 - \u05d9\u05e4\u05d5 to \u05d9\u05d4\u05d5\u05e9\u05d5\u05e2 \u05d1\u05df \u05e0\u05d5\u05df, \u05ea\u05dc \u05d0\u05d1\u05d9\u05d1 - \u05d9\u05e4\u05d5", 
            "object_id": "50", 
            "change_message": "", 
            "user": 6, 
            "content_type": 2
        }
    }, 
    {
        "pk": 386, 
        "model": "admin.logentry", 
        "fields": {
            "action_flag": 3, 
            "action_time": "2010-08-15 09:26:59", 
            "object_repr": "order from \u05d4\u05e8\u05e6\u05dc 10, \u05ea\u05dc \u05d0\u05d1\u05d9\u05d1 - \u05d9\u05e4\u05d5 to \u05d0\u05dc\u05e0\u05d1\u05d9 50, \u05ea\u05dc \u05d0\u05d1\u05d9\u05d1 - \u05d9\u05e4\u05d5", 
            "object_id": "53", 
            "change_message": "", 
            "user": 6, 
            "content_type": 2
        }
    }, 
    {
        "pk": 385, 
        "model": "admin.logentry", 
        "fields": {
            "action_flag": 3, 
            "action_time": "2010-08-15 09:26:59", 
            "object_repr": "order from \u05d0\u05d1\u05df \u05d2\u05d1\u05d9\u05e8\u05d5\u05dc 25, \u05d9\u05e8\u05d5\u05e9\u05dc\u05d9\u05dd to \u05db\u05d9\u05db\u05e8 \u05d0\u05dc\u05e0\u05d1\u05d9 16, \u05d9\u05e8\u05d5\u05e9\u05dc\u05d9\u05dd", 
            "object_id": "55", 
            "change_message": "", 
            "user": 6, 
            "content_type": 2
        }
    }, 
    {
        "pk": 384, 
        "model": "admin.logentry", 
        "fields": {
            "action_flag": 3, 
            "action_time": "2010-08-15 09:26:59", 
            "object_repr": "order from \u05d0\u05d1\u05df \u05d2\u05d1\u05d9\u05e8\u05d5\u05dc 25, \u05d9\u05e8\u05d5\u05e9\u05dc\u05d9\u05dd to \u05db\u05d9\u05db\u05e8 \u05d0\u05dc\u05e0\u05d1\u05d9 16, \u05d9\u05e8\u05d5\u05e9\u05dc\u05d9\u05dd", 
            "object_id": "57", 
            "change_message": "", 
            "user": 6, 
            "content_type": 2
        }
    }, 
    {
        "pk": 383, 
        "model": "admin.logentry", 
        "fields": {
            "action_flag": 3, 
            "action_time": "2010-08-15 09:26:59", 
            "object_repr": "order from \u05d0\u05d1\u05df \u05d2\u05d1\u05d9\u05e8\u05d5\u05dc 25, \u05d9\u05e8\u05d5\u05e9\u05dc\u05d9\u05dd to \u05db\u05d9\u05db\u05e8 \u05d0\u05dc\u05e0\u05d1\u05d9 16, \u05d9\u05e8\u05d5\u05e9\u05dc\u05d9\u05dd", 
            "object_id": "59", 
            "change_message": "", 
            "user": 6, 
            "content_type": 2
        }
    }, 
    {
        "pk": 382, 
        "model": "admin.logentry", 
        "fields": {
            "action_flag": 3, 
            "action_time": "2010-08-15 09:26:59", 
            "object_repr": "order from \u05d4\u05e8\u05e6\u05dc 10, \u05ea\u05dc \u05d0\u05d1\u05d9\u05d1 - \u05d9\u05e4\u05d5 to \u05d0\u05dc\u05e0\u05d1\u05d9 50, \u05ea\u05dc \u05d0\u05d1\u05d9\u05d1 - \u05d9\u05e4\u05d5", 
            "object_id": "62", 
            "change_message": "", 
            "user": 6, 
            "content_type": 2
        }
    }, 
    {
        "pk": 381, 
        "model": "admin.logentry", 
        "fields": {
            "action_flag": 3, 
            "action_time": "2010-08-15 09:26:59", 
            "object_repr": "order from \u05d4\u05e8\u05e6\u05dc 10, \u05ea\u05dc \u05d0\u05d1\u05d9\u05d1 - \u05d9\u05e4\u05d5 to \u05d0\u05dc\u05e0\u05d1\u05d9 50, \u05ea\u05dc \u05d0\u05d1\u05d9\u05d1 - \u05d9\u05e4\u05d5", 
            "object_id": "64", 
            "change_message": "", 
            "user": 6, 
            "content_type": 2
        }
    }, 
    {
        "pk": 380, 
        "model": "admin.logentry", 
        "fields": {
            "action_flag": 3, 
            "action_time": "2010-08-15 09:26:59", 
            "object_repr": "order from \u05d4\u05e8\u05e6\u05dc 10, \u05ea\u05dc \u05d0\u05d1\u05d9\u05d1 - \u05d9\u05e4\u05d5 to \u05d0\u05dc\u05e0\u05d1\u05d9 50, \u05ea\u05dc \u05d0\u05d1\u05d9\u05d1 - \u05d9\u05e4\u05d5", 
            "object_id": "66", 
            "change_message": "", 
            "user": 6, 
            "content_type": 2
        }
    }, 
    {
        "pk": 379, 
        "model": "admin.logentry", 
        "fields": {
            "action_flag": 3, 
            "action_time": "2010-08-15 09:26:59", 
            "object_repr": "order from \u05d4\u05e8\u05e6\u05dc 10, \u05ea\u05dc \u05d0\u05d1\u05d9\u05d1 - \u05d9\u05e4\u05d5 to \u05d0\u05dc\u05e0\u05d1\u05d9 50, \u05ea\u05dc \u05d0\u05d1\u05d9\u05d1 - \u05d9\u05e4\u05d5", 
            "object_id": "68", 
            "change_message": "", 
            "user": 6, 
            "content_type": 2
        }
    }, 
    {
        "pk": 378, 
        "model": "admin.logentry", 
        "fields": {
            "action_flag": 3, 
            "action_time": "2010-08-15 09:26:59", 
            "object_repr": "order from \u05d4\u05e8\u05e6\u05dc  10, \u05ea\u05dc \u05d0\u05d1\u05d9\u05d1 - \u05d9\u05e4\u05d5 to \u05d0\u05dc\u05e0\u05d1\u05d9 50, \u05ea\u05dc \u05d0\u05d1\u05d9\u05d1 - \u05d9\u05e4\u05d5", 
            "object_id": "79", 
            "change_message": "", 
            "user": 6, 
            "content_type": 2
        }
    }, 
    {
        "pk": 377, 
        "model": "admin.logentry", 
        "fields": {
            "action_flag": 3, 
            "action_time": "2010-08-15 09:26:59", 
            "object_repr": "order from \u05d4\u05e8\u05e6\u05dc  10, \u05ea\u05dc \u05d0\u05d1\u05d9\u05d1 - \u05d9\u05e4\u05d5 to \u05d0\u05dc\u05e0\u05d1\u05d9 50, \u05ea\u05dc \u05d0\u05d1\u05d9\u05d1 - \u05d9\u05e4\u05d5", 
            "object_id": "80", 
            "change_message": "", 
            "user": 6, 
            "content_type": 2
        }
    }, 
    {
        "pk": 376, 
        "model": "admin.logentry", 
        "fields": {
            "action_flag": 3, 
            "action_time": "2010-08-15 09:26:59", 
            "object_repr": "order from \u05d4\u05e8\u05e6\u05dc  10, \u05ea\u05dc \u05d0\u05d1\u05d9\u05d1 - \u05d9\u05e4\u05d5 to \u05d0\u05dc\u05e0\u05d1\u05d9 50, \u05ea\u05dc \u05d0\u05d1\u05d9\u05d1 - \u05d9\u05e4\u05d5", 
            "object_id": "81", 
            "change_message": "", 
            "user": 6, 
            "content_type": 2
        }
    }, 
    {
        "pk": 375, 
        "model": "admin.logentry", 
        "fields": {
            "action_flag": 3, 
            "action_time": "2010-08-15 09:26:59", 
            "object_repr": "order from \u05d4\u05e8\u05e6\u05dc  10, \u05ea\u05dc \u05d0\u05d1\u05d9\u05d1 - \u05d9\u05e4\u05d5 to \u05d0\u05dc\u05e0\u05d1\u05d9 50, \u05ea\u05dc \u05d0\u05d1\u05d9\u05d1 - \u05d9\u05e4\u05d5", 
            "object_id": "82", 
            "change_message": "", 
            "user": 6, 
            "content_type": 2
        }
    }, 
    {
        "pk": 374, 
        "model": "admin.logentry", 
        "fields": {
            "action_flag": 3, 
            "action_time": "2010-08-15 09:26:59", 
            "object_repr": "order from \u05d4\u05e8\u05e6\u05dc  10, \u05ea\u05dc \u05d0\u05d1\u05d9\u05d1 - \u05d9\u05e4\u05d5 to \u05d0\u05dc\u05e0\u05d1\u05d9 50, \u05ea\u05dc \u05d0\u05d1\u05d9\u05d1 - \u05d9\u05e4\u05d5", 
            "object_id": "83", 
            "change_message": "", 
            "user": 6, 
            "content_type": 2
        }
    }, 
    {
        "pk": 373, 
        "model": "admin.logentry", 
        "fields": {
            "action_flag": 3, 
            "action_time": "2010-08-15 09:26:59", 
            "object_repr": "order from \u05d4\u05e8\u05e6\u05dc  10, \u05ea\u05dc \u05d0\u05d1\u05d9\u05d1 - \u05d9\u05e4\u05d5 to \u05d0\u05dc\u05e0\u05d1\u05d9 50, \u05ea\u05dc \u05d0\u05d1\u05d9\u05d1 - \u05d9\u05e4\u05d5", 
            "object_id": "84", 
            "change_message": "", 
            "user": 6, 
            "content_type": 2
        }
    }, 
    {
        "pk": 372, 
        "model": "admin.logentry", 
        "fields": {
            "action_flag": 3, 
            "action_time": "2010-08-15 09:26:59", 
            "object_repr": "order from \u05d4\u05e8\u05e6\u05dc  10, \u05ea\u05dc \u05d0\u05d1\u05d9\u05d1 - \u05d9\u05e4\u05d5 to \u05d0\u05dc\u05e0\u05d1\u05d9 50, \u05ea\u05dc \u05d0\u05d1\u05d9\u05d1 - \u05d9\u05e4\u05d5", 
            "object_id": "85", 
            "change_message": "", 
            "user": 6, 
            "content_type": 2
        }
    }, 
    {
        "pk": 371, 
        "model": "admin.logentry", 
        "fields": {
            "action_flag": 3, 
            "action_time": "2010-08-15 09:26:59", 
            "object_repr": "order from \u05d4\u05e8\u05e6\u05dc  10, \u05ea\u05dc \u05d0\u05d1\u05d9\u05d1 - \u05d9\u05e4\u05d5 to \u05d0\u05dc\u05e0\u05d1\u05d9 50, \u05ea\u05dc \u05d0\u05d1\u05d9\u05d1 - \u05d9\u05e4\u05d5", 
            "object_id": "86", 
            "change_message": "", 
            "user": 6, 
            "content_type": 2
        }
    }, 
    {
        "pk": 370, 
        "model": "admin.logentry", 
        "fields": {
            "action_flag": 3, 
            "action_time": "2010-08-15 09:26:59", 
            "object_repr": "order from \u05d4\u05e8\u05e6\u05dc  10, \u05ea\u05dc \u05d0\u05d1\u05d9\u05d1 - \u05d9\u05e4\u05d5 to \u05d0\u05dc\u05e0\u05d1\u05d9 50, \u05ea\u05dc \u05d0\u05d1\u05d9\u05d1 - \u05d9\u05e4\u05d5", 
            "object_id": "87", 
            "change_message": "", 
            "user": 6, 
            "content_type": 2
        }
    }, 
    {
        "pk": 369, 
        "model": "admin.logentry", 
        "fields": {
            "action_flag": 3, 
            "action_time": "2010-08-15 09:26:59", 
            "object_repr": "order from \u05d4\u05e8\u05e6\u05dc \u05e8\u05d5\u05d6\u05e0\u05d1\u05dc\u05d5\u05dd 10, \u05ea\u05dc \u05d0\u05d1\u05d9\u05d1 - \u05d9\u05e4\u05d5 to \u05d0\u05dc\u05e0\u05d1\u05d9 50, \u05ea\u05dc \u05d0\u05d1\u05d9\u05d1 - \u05d9\u05e4\u05d5", 
            "object_id": "89", 
            "change_message": "", 
            "user": 6, 
            "content_type": 2
        }
    }, 
    {
        "pk": 368, 
        "model": "admin.logentry", 
        "fields": {
            "action_flag": 3, 
            "action_time": "2010-08-15 09:26:59", 
            "object_repr": "order from \u05d4\u05e8\u05e6\u05dc \u05e8\u05d5\u05d6\u05e0\u05d1\u05dc\u05d5\u05dd 10, \u05ea\u05dc \u05d0\u05d1\u05d9\u05d1 - \u05d9\u05e4\u05d5 to \u05d0\u05dc\u05e0\u05d1\u05d9 50, \u05ea\u05dc \u05d0\u05d1\u05d9\u05d1 - \u05d9\u05e4\u05d5", 
            "object_id": "91", 
            "change_message": "", 
            "user": 6, 
            "content_type": 2
        }
    }, 
    {
        "pk": 367, 
        "model": "admin.logentry", 
        "fields": {
            "action_flag": 3, 
            "action_time": "2010-08-15 09:26:59", 
            "object_repr": "order from \u05d4\u05e8\u05e6\u05dc \u05e8\u05d5\u05d6\u05e0\u05d1\u05dc\u05d5\u05dd 10, \u05ea\u05dc \u05d0\u05d1\u05d9\u05d1 - \u05d9\u05e4\u05d5 to \u05d0\u05dc\u05e0\u05d1\u05d9 50, \u05ea\u05dc \u05d0\u05d1\u05d9\u05d1 - \u05d9\u05e4\u05d5", 
            "object_id": "93", 
            "change_message": "", 
            "user": 6, 
            "content_type": 2
        }
    }, 
    {
        "pk": 366, 
        "model": "admin.logentry", 
        "fields": {
            "action_flag": 3, 
            "action_time": "2010-08-15 09:26:59", 
            "object_repr": "order from \u05d4\u05e8\u05e6\u05dc \u05e8\u05d5\u05d6\u05e0\u05d1\u05dc\u05d5\u05dd 10, \u05ea\u05dc \u05d0\u05d1\u05d9\u05d1 - \u05d9\u05e4\u05d5 to \u05d0\u05dc\u05e0\u05d1\u05d9 50, \u05ea\u05dc \u05d0\u05d1\u05d9\u05d1 - \u05d9\u05e4\u05d5", 
            "object_id": "95", 
            "change_message": "", 
            "user": 6, 
            "content_type": 2
        }
    }, 
    {
        "pk": 365, 
        "model": "admin.logentry", 
        "fields": {
            "action_flag": 3, 
            "action_time": "2010-08-15 09:26:59", 
            "object_repr": "order from \u05d4\u05e8\u05e6\u05dc \u05e8\u05d5\u05d6\u05e0\u05d1\u05dc\u05d5\u05dd 10, \u05ea\u05dc \u05d0\u05d1\u05d9\u05d1 - \u05d9\u05e4\u05d5 to \u05d0\u05dc\u05e0\u05d1\u05d9 50, \u05ea\u05dc \u05d0\u05d1\u05d9\u05d1 - \u05d9\u05e4\u05d5", 
            "object_id": "97", 
            "change_message": "", 
            "user": 6, 
            "content_type": 2
        }
    }, 
    {
        "pk": 364, 
        "model": "admin.logentry", 
        "fields": {
            "action_flag": 3, 
            "action_time": "2010-08-15 09:26:59", 
            "object_repr": "order from \u05d4\u05e8\u05e6\u05dc \u05e8\u05d5\u05d6\u05e0\u05d1\u05dc\u05d5\u05dd 10, \u05ea\u05dc \u05d0\u05d1\u05d9\u05d1 - \u05d9\u05e4\u05d5 to \u05d0\u05dc\u05e0\u05d1\u05d9 50, \u05ea\u05dc \u05d0\u05d1\u05d9\u05d1 - \u05d9\u05e4\u05d5", 
            "object_id": "99", 
            "change_message": "", 
            "user": 6, 
            "content_type": 2
        }
    }, 
    {
        "pk": 363, 
        "model": "admin.logentry", 
        "fields": {
            "action_flag": 3, 
            "action_time": "2010-08-15 09:26:59", 
            "object_repr": "order from \u05d4\u05e8\u05e6\u05dc \u05e8\u05d5\u05d6\u05e0\u05d1\u05dc\u05d5\u05dd 10, \u05ea\u05dc \u05d0\u05d1\u05d9\u05d1 - \u05d9\u05e4\u05d5 to \u05d0\u05dc\u05e0\u05d1\u05d9 50, \u05ea\u05dc \u05d0\u05d1\u05d9\u05d1 - \u05d9\u05e4\u05d5", 
            "object_id": "101", 
            "change_message": "", 
            "user": 6, 
            "content_type": 2
        }
    }, 
    {
        "pk": 362, 
        "model": "admin.logentry", 
        "fields": {
            "action_flag": 3, 
            "action_time": "2010-08-15 09:26:59", 
            "object_repr": "order from \u05d4\u05e8\u05e6\u05dc \u05e8\u05d5\u05d6\u05e0\u05d1\u05dc\u05d5\u05dd 10, \u05ea\u05dc \u05d0\u05d1\u05d9\u05d1 - \u05d9\u05e4\u05d5 to \u05d0\u05dc\u05e0\u05d1\u05d9 50, \u05ea\u05dc \u05d0\u05d1\u05d9\u05d1 - \u05d9\u05e4\u05d5", 
            "object_id": "103", 
            "change_message": "", 
            "user": 6, 
            "content_type": 2
        }
    }, 
    {
        "pk": 361, 
        "model": "admin.logentry", 
        "fields": {
            "action_flag": 3, 
            "action_time": "2010-08-15 09:26:59", 
            "object_repr": "order from \u05d5\u05d9\u05e7\u05d8\u05d5\u05e8 \u05d4\u05d5\u05d2\u05d5 10, \u05ea\u05dc \u05d0\u05d1\u05d9\u05d1 - \u05d9\u05e4\u05d5 to \u05e8\u05d0\u05d5\u05dc \u05d5\u05dc\u05e0\u05d1\u05e8\u05d2 34, \u05ea\u05dc \u05d0\u05d1\u05d9\u05d1 - \u05d9\u05e4\u05d5", 
            "object_id": "104", 
            "change_message": "", 
            "user": 6, 
            "content_type": 2
        }
    }, 
    {
        "pk": 360, 
        "model": "admin.logentry", 
        "fields": {
            "action_flag": 3, 
            "action_time": "2010-08-15 09:26:59", 
            "object_repr": "order from \u05d4\u05e2\u05e6\u05de\u05d0\u05d5\u05ea 10, \u05d0\u05e9\u05d3\u05d5\u05d3 to \u05ea\u05d7\u05e0\u05ea \u05e8\u05db\u05d1\u05ea \u05d0\u05e9\u05d3\u05d5\u05d3, \u05d0\u05e9\u05d3\u05d5\u05d3", 
            "object_id": "106", 
            "change_message": "", 
            "user": 6, 
            "content_type": 2
        }
    }, 
    {
        "pk": 359, 
        "model": "admin.logentry", 
        "fields": {
            "action_flag": 3, 
            "action_time": "2010-08-15 09:26:59", 
            "object_repr": "order from \u05d4\u05e2\u05e6\u05de\u05d0\u05d5\u05ea 10, \u05d0\u05e9\u05d3\u05d5\u05d3 to \u05ea\u05d7\u05e0\u05ea \u05e8\u05db\u05d1\u05ea \u05d0\u05e9\u05d3\u05d5\u05d3, \u05d0\u05e9\u05d3\u05d5\u05d3", 
            "object_id": "108", 
            "change_message": "", 
            "user": 6, 
            "content_type": 2
        }
    }, 
    {
        "pk": 358, 
        "model": "admin.logentry", 
        "fields": {
            "action_flag": 3, 
            "action_time": "2010-08-15 09:26:59", 
            "object_repr": "order from \u05d4\u05e2\u05e6\u05de\u05d0\u05d5\u05ea 10, \u05d0\u05e9\u05d3\u05d5\u05d3 to \u05ea\u05d7\u05e0\u05ea \u05e8\u05db\u05d1\u05ea \u05d0\u05e9\u05d3\u05d5\u05d3, \u05d0\u05e9\u05d3\u05d5\u05d3", 
            "object_id": "110", 
            "change_message": "", 
            "user": 6, 
            "content_type": 2
        }
    }, 
    {
        "pk": 357, 
        "model": "admin.logentry", 
        "fields": {
            "action_flag": 3, 
            "action_time": "2010-08-15 09:26:59", 
            "object_repr": "order from \u05d4\u05e2\u05e6\u05de\u05d0\u05d5\u05ea 10, \u05d0\u05e9\u05d3\u05d5\u05d3 to \u05ea\u05d7\u05e0\u05ea \u05e8\u05db\u05d1\u05ea \u05d0\u05e9\u05d3\u05d5\u05d3, \u05d0\u05e9\u05d3\u05d5\u05d3", 
            "object_id": "112", 
            "change_message": "", 
            "user": 6, 
            "content_type": 2
        }
    }, 
    {
        "pk": 356, 
        "model": "admin.logentry", 
        "fields": {
            "action_flag": 3, 
            "action_time": "2010-08-15 09:26:59", 
            "object_repr": "order from \u05d4\u05e2\u05e6\u05de\u05d0\u05d5\u05ea 10, \u05d0\u05e9\u05d3\u05d5\u05d3 to \u05ea\u05d7\u05e0\u05ea \u05e8\u05db\u05d1\u05ea \u05d0\u05e9\u05d3\u05d5\u05d3, \u05d0\u05e9\u05d3\u05d5\u05d3", 
            "object_id": "114", 
            "change_message": "", 
            "user": 6, 
            "content_type": 2
        }
    }, 
    {
        "pk": 355, 
        "model": "admin.logentry", 
        "fields": {
            "action_flag": 3, 
            "action_time": "2010-08-15 09:26:59", 
            "object_repr": "order from \u05d4\u05e2\u05e6\u05de\u05d0\u05d5\u05ea 10, \u05d0\u05e9\u05d3\u05d5\u05d3 to \u05ea\u05d7\u05e0\u05ea \u05e8\u05db\u05d1\u05ea \u05d0\u05e9\u05d3\u05d5\u05d3, \u05d0\u05e9\u05d3\u05d5\u05d3", 
            "object_id": "116", 
            "change_message": "", 
            "user": 6, 
            "content_type": 2
        }
    }, 
    {
        "pk": 354, 
        "model": "admin.logentry", 
        "fields": {
            "action_flag": 3, 
            "action_time": "2010-08-15 09:26:59", 
            "object_repr": "order from \u05d4\u05e2\u05e6\u05de\u05d0\u05d5\u05ea 10, \u05d0\u05e9\u05d3\u05d5\u05d3 to \u05ea\u05d7\u05e0\u05ea \u05e8\u05db\u05d1\u05ea \u05d0\u05e9\u05d3\u05d5\u05d3, \u05d0\u05e9\u05d3\u05d5\u05d3", 
            "object_id": "118", 
            "change_message": "", 
            "user": 6, 
            "content_type": 2
        }
    }, 
    {
        "pk": 353, 
        "model": "admin.logentry", 
        "fields": {
            "action_flag": 3, 
            "action_time": "2010-08-15 09:26:59", 
            "object_repr": "order from \u05d4\u05e2\u05e6\u05de\u05d0\u05d5\u05ea 10, \u05d0\u05e9\u05d3\u05d5\u05d3 to \u05ea\u05d7\u05e0\u05ea \u05e8\u05db\u05d1\u05ea \u05d0\u05e9\u05d3\u05d5\u05d3, \u05d0\u05e9\u05d3\u05d5\u05d3", 
            "object_id": "120", 
            "change_message": "", 
            "user": 6, 
            "content_type": 2
        }
    }, 
    {
        "pk": 352, 
        "model": "admin.logentry", 
        "fields": {
            "action_flag": 3, 
            "action_time": "2010-08-15 09:26:59", 
            "object_repr": "order from \u05d4\u05e2\u05e6\u05de\u05d0\u05d5\u05ea 10, \u05d0\u05e9\u05d3\u05d5\u05d3 to \u05ea\u05d7\u05e0\u05ea \u05e8\u05db\u05d1\u05ea \u05d0\u05e9\u05d3\u05d5\u05d3, \u05d0\u05e9\u05d3\u05d5\u05d3", 
            "object_id": "122", 
            "change_message": "", 
            "user": 6, 
            "content_type": 2
        }
    }, 
    {
        "pk": 351, 
        "model": "admin.logentry", 
        "fields": {
            "action_flag": 3, 
            "action_time": "2010-08-15 09:26:59", 
            "object_repr": "order from \u05d0\u05d1\u05e8\u05d4\u05dd \u05d0\u05d1\u05df \u05e9\u05d5\u05e9\u05d5\u05df, \u05ea\u05dc \u05d0\u05d1\u05d9\u05d1 - \u05d9\u05e4\u05d5 to \u05d0\u05dc\u05e0\u05d1\u05d9 50, \u05ea\u05dc \u05d0\u05d1\u05d9\u05d1 - \u05d9\u05e4\u05d5", 
            "object_id": "124", 
            "change_message": "", 
            "user": 6, 
            "content_type": 2
        }
    }, 
    {
        "pk": 350, 
        "model": "admin.logentry", 
        "fields": {
            "action_flag": 3, 
            "action_time": "2010-08-15 09:26:59", 
            "object_repr": "order from \u05d0\u05d1\u05e8\u05d4\u05dd \u05d0\u05d1\u05df \u05e9\u05d5\u05e9\u05d5\u05df, \u05ea\u05dc \u05d0\u05d1\u05d9\u05d1 - \u05d9\u05e4\u05d5 to \u05d0\u05dc\u05e0\u05d1\u05d9 50, \u05ea\u05dc \u05d0\u05d1\u05d9\u05d1 - \u05d9\u05e4\u05d5", 
            "object_id": "126", 
            "change_message": "", 
            "user": 6, 
            "content_type": 2
        }
    }, 
    {
        "pk": 349, 
        "model": "admin.logentry", 
        "fields": {
            "action_flag": 3, 
            "action_time": "2010-08-15 09:26:59", 
            "object_repr": "order from \u05d0\u05d1\u05e8\u05d4\u05dd \u05d0\u05d1\u05df \u05e9\u05d5\u05e9\u05d5\u05df, \u05ea\u05dc \u05d0\u05d1\u05d9\u05d1 - \u05d9\u05e4\u05d5 to \u05d0\u05dc\u05e0\u05d1\u05d9 50, \u05ea\u05dc \u05d0\u05d1\u05d9\u05d1 - \u05d9\u05e4\u05d5", 
            "object_id": "128", 
            "change_message": "", 
            "user": 6, 
            "content_type": 2
        }
    }, 
    {
        "pk": 348, 
        "model": "admin.logentry", 
        "fields": {
            "action_flag": 3, 
            "action_time": "2010-08-15 09:26:59", 
            "object_repr": "order from \u05d0\u05d1\u05e8\u05d4\u05dd \u05d0\u05d1\u05df \u05e9\u05d5\u05e9\u05d5\u05df, \u05ea\u05dc \u05d0\u05d1\u05d9\u05d1 - \u05d9\u05e4\u05d5 to \u05d0\u05dc\u05e0\u05d1\u05d9 50, \u05ea\u05dc \u05d0\u05d1\u05d9\u05d1 - \u05d9\u05e4\u05d5", 
            "object_id": "130", 
            "change_message": "", 
            "user": 6, 
            "content_type": 2
        }
    }, 
    {
        "pk": 347, 
        "model": "admin.logentry", 
        "fields": {
            "action_flag": 3, 
            "action_time": "2010-08-15 09:26:59", 
            "object_repr": "order from \u05d0\u05d1\u05e8\u05d4\u05dd \u05d0\u05d1\u05df \u05e9\u05d5\u05e9\u05d5\u05df, \u05ea\u05dc \u05d0\u05d1\u05d9\u05d1 - \u05d9\u05e4\u05d5 to \u05d0\u05dc\u05e0\u05d1\u05d9 50, \u05ea\u05dc \u05d0\u05d1\u05d9\u05d1 - \u05d9\u05e4\u05d5", 
            "object_id": "132", 
            "change_message": "", 
            "user": 6, 
            "content_type": 2
        }
    }, 
    {
        "pk": 346, 
        "model": "admin.logentry", 
        "fields": {
            "action_flag": 3, 
            "action_time": "2010-08-15 09:26:59", 
            "object_repr": "order from \u05d0\u05d1\u05df \u05d2\u05d1\u05d9\u05e8\u05d5\u05dc 29, \u05e7\u05e8\u05d9\u05d9\u05ea \u05d0\u05ea\u05d0 to \u05d9\u05d4\u05d5\u05e9\u05d5\u05e2 \u05d1\u05df \u05e0\u05d5\u05df, \u05ea\u05dc \u05d0\u05d1\u05d9\u05d1 - \u05d9\u05e4\u05d5", 
            "object_id": "134", 
            "change_message": "", 
            "user": 6, 
            "content_type": 2
        }
    }, 
    {
        "pk": 345, 
        "model": "admin.logentry", 
        "fields": {
            "action_flag": 3, 
            "action_time": "2010-08-15 09:26:59", 
            "object_repr": "order from \u05d0\u05d1\u05df \u05d2\u05d1\u05d9\u05e8\u05d5\u05dc 29, \u05e7\u05e8\u05d9\u05d9\u05ea \u05d0\u05ea\u05d0 to \u05d9\u05d4\u05d5\u05e9\u05d5\u05e2 \u05d1\u05df \u05e0\u05d5\u05df, \u05ea\u05dc \u05d0\u05d1\u05d9\u05d1 - \u05d9\u05e4\u05d5", 
            "object_id": "136", 
            "change_message": "", 
            "user": 6, 
            "content_type": 2
        }
    }, 
    {
        "pk": 344, 
        "model": "admin.logentry", 
        "fields": {
            "action_flag": 3, 
            "action_time": "2010-08-15 09:26:59", 
            "object_repr": "order from \u05d0\u05d1\u05df \u05d2\u05d1\u05d9\u05e8\u05d5\u05dc 29, \u05e7\u05e8\u05d9\u05d9\u05ea \u05d0\u05ea\u05d0 to \u05d9\u05d4\u05d5\u05e9\u05d5\u05e2 \u05d1\u05df \u05e0\u05d5\u05df, \u05ea\u05dc \u05d0\u05d1\u05d9\u05d1 - \u05d9\u05e4\u05d5", 
            "object_id": "138", 
            "change_message": "", 
            "user": 6, 
            "content_type": 2
        }
    }, 
    {
        "pk": 343, 
        "model": "admin.logentry", 
        "fields": {
            "action_flag": 3, 
            "action_time": "2010-08-15 09:26:59", 
            "object_repr": "order from \u05d0\u05d1\u05df \u05d2\u05d1\u05d9\u05e8\u05d5\u05dc 29, \u05e7\u05e8\u05d9\u05d9\u05ea \u05d0\u05ea\u05d0 to \u05d9\u05d4\u05d5\u05e9\u05d5\u05e2 \u05d1\u05df \u05e0\u05d5\u05df, \u05ea\u05dc \u05d0\u05d1\u05d9\u05d1 - \u05d9\u05e4\u05d5", 
            "object_id": "140", 
            "change_message": "", 
            "user": 6, 
            "content_type": 2
        }
    }, 
    {
        "pk": 342, 
        "model": "admin.logentry", 
        "fields": {
            "action_flag": 3, 
            "action_time": "2010-08-15 09:26:59", 
            "object_repr": "order from \u05d0\u05d1\u05df \u05d2\u05d1\u05d9\u05e8\u05d5\u05dc 29, \u05e7\u05e8\u05d9\u05d9\u05ea \u05d0\u05ea\u05d0 to \u05d9\u05d4\u05d5\u05e9\u05d5\u05e2 \u05d1\u05df \u05e0\u05d5\u05df, \u05ea\u05dc \u05d0\u05d1\u05d9\u05d1 - \u05d9\u05e4\u05d5", 
            "object_id": "142", 
            "change_message": "", 
            "user": 6, 
            "content_type": 2
        }
    }, 
    {
        "pk": 341, 
        "model": "admin.logentry", 
        "fields": {
            "action_flag": 3, 
            "action_time": "2010-08-15 09:26:59", 
            "object_repr": "order from \u05d0\u05d1\u05df \u05d2\u05d1\u05d9\u05e8\u05d5\u05dc 29, \u05e7\u05e8\u05d9\u05d9\u05ea \u05d0\u05ea\u05d0 to \u05d9\u05d4\u05d5\u05e9\u05d5\u05e2 \u05d1\u05df \u05e0\u05d5\u05df, \u05ea\u05dc \u05d0\u05d1\u05d9\u05d1 - \u05d9\u05e4\u05d5", 
            "object_id": "144", 
            "change_message": "", 
            "user": 6, 
            "content_type": 2
        }
    }, 
    {
        "pk": 340, 
        "model": "admin.logentry", 
        "fields": {
            "action_flag": 3, 
            "action_time": "2010-08-15 09:26:59", 
            "object_repr": "order from \u05d0\u05d1\u05df \u05d2\u05d1\u05d9\u05e8\u05d5\u05dc 29, \u05e7\u05e8\u05d9\u05d9\u05ea \u05d0\u05ea\u05d0 to \u05d9\u05d4\u05d5\u05e9\u05d5\u05e2 \u05d1\u05df \u05e0\u05d5\u05df, \u05ea\u05dc \u05d0\u05d1\u05d9\u05d1 - \u05d9\u05e4\u05d5", 
            "object_id": "146", 
            "change_message": "", 
            "user": 6, 
            "content_type": 2
        }
    }, 
    {
        "pk": 339, 
        "model": "admin.logentry", 
        "fields": {
            "action_flag": 3, 
            "action_time": "2010-08-15 09:26:59", 
            "object_repr": "order from \u05d0\u05d1\u05df \u05d2\u05d1\u05d9\u05e8\u05d5\u05dc 29, \u05e7\u05e8\u05d9\u05d9\u05ea \u05d0\u05ea\u05d0 to \u05d9\u05d4\u05d5\u05e9\u05d5\u05e2 \u05d1\u05df \u05e0\u05d5\u05df, \u05ea\u05dc \u05d0\u05d1\u05d9\u05d1 - \u05d9\u05e4\u05d5", 
            "object_id": "148", 
            "change_message": "", 
            "user": 6, 
            "content_type": 2
        }
    }, 
    {
        "pk": 338, 
        "model": "admin.logentry", 
        "fields": {
            "action_flag": 3, 
            "action_time": "2010-08-15 09:26:59", 
            "object_repr": "order from \u05d0\u05d1\u05d8\u05dc\u05d9\u05d5\u05df 4, \u05d4\u05e8\u05e6\u05dc\u05d9\u05d4 to \u05d0\u05dc\u05e0\u05d1\u05d9 23, \u05ea\u05dc \u05d0\u05d1\u05d9\u05d1 - \u05d9\u05e4\u05d5", 
            "object_id": "150", 
            "change_message": "", 
            "user": 6, 
            "content_type": 2
        }
    }, 
    {
        "pk": 337, 
        "model": "admin.logentry", 
        "fields": {
            "action_flag": 3, 
            "action_time": "2010-08-15 09:26:59", 
            "object_repr": "order from \u05d0\u05d1\u05d8\u05dc\u05d9\u05d5\u05df 4, \u05d4\u05e8\u05e6\u05dc\u05d9\u05d4 to \u05d0\u05dc\u05e0\u05d1\u05d9 23, \u05ea\u05dc \u05d0\u05d1\u05d9\u05d1 - \u05d9\u05e4\u05d5", 
            "object_id": "152", 
            "change_message": "", 
            "user": 6, 
            "content_type": 2
        }
    }, 
    {
        "pk": 336, 
        "model": "admin.logentry", 
        "fields": {
            "action_flag": 3, 
            "action_time": "2010-08-15 09:26:59", 
            "object_repr": "order from \u05d0\u05d1\u05d8\u05dc\u05d9\u05d5\u05df 4, \u05d4\u05e8\u05e6\u05dc\u05d9\u05d4 to \u05d0\u05dc\u05e0\u05d1\u05d9 23, \u05ea\u05dc \u05d0\u05d1\u05d9\u05d1 - \u05d9\u05e4\u05d5", 
            "object_id": "154", 
            "change_message": "", 
            "user": 6, 
            "content_type": 2
        }
    }, 
    {
        "pk": 335, 
        "model": "admin.logentry", 
        "fields": {
            "action_flag": 3, 
            "action_time": "2010-08-15 09:26:59", 
            "object_repr": "order from \u05d0\u05d1\u05d8\u05dc\u05d9\u05d5\u05df 4, \u05d4\u05e8\u05e6\u05dc\u05d9\u05d4 to \u05d0\u05dc\u05e0\u05d1\u05d9 23, \u05ea\u05dc \u05d0\u05d1\u05d9\u05d1 - \u05d9\u05e4\u05d5", 
            "object_id": "156", 
            "change_message": "", 
            "user": 6, 
            "content_type": 2
        }
    }, 
    {
        "pk": 334, 
        "model": "admin.logentry", 
        "fields": {
            "action_flag": 3, 
            "action_time": "2010-08-15 09:26:59", 
            "object_repr": "order from \u05d0\u05d1\u05d8\u05dc\u05d9\u05d5\u05df 4, \u05d4\u05e8\u05e6\u05dc\u05d9\u05d4 to \u05d0\u05dc\u05e0\u05d1\u05d9 23, \u05ea\u05dc \u05d0\u05d1\u05d9\u05d1 - \u05d9\u05e4\u05d5", 
            "object_id": "158", 
            "change_message": "", 
            "user": 6, 
            "content_type": 2
        }
    }, 
    {
        "pk": 333, 
        "model": "admin.logentry", 
        "fields": {
            "action_flag": 3, 
            "action_time": "2010-08-15 09:26:59", 
            "object_repr": "order from \u05d0\u05d1\u05d8\u05dc\u05d9\u05d5\u05df 4, \u05d4\u05e8\u05e6\u05dc\u05d9\u05d4 to \u05d0\u05dc\u05e0\u05d1\u05d9 23, \u05ea\u05dc \u05d0\u05d1\u05d9\u05d1 - \u05d9\u05e4\u05d5", 
            "object_id": "160", 
            "change_message": "", 
            "user": 6, 
            "content_type": 2
        }
    }, 
    {
        "pk": 332, 
        "model": "admin.logentry", 
        "fields": {
            "action_flag": 3, 
            "action_time": "2010-08-15 09:26:59", 
            "object_repr": "order from \u05d0\u05d1\u05d8\u05dc\u05d9\u05d5\u05df 4, \u05d4\u05e8\u05e6\u05dc\u05d9\u05d4 to \u05d0\u05dc\u05e0\u05d1\u05d9 23, \u05ea\u05dc \u05d0\u05d1\u05d9\u05d1 - \u05d9\u05e4\u05d5", 
            "object_id": "162", 
            "change_message": "", 
            "user": 6, 
            "content_type": 2
        }
    }, 
    {
        "pk": 331, 
        "model": "admin.logentry", 
        "fields": {
            "action_flag": 3, 
            "action_time": "2010-08-15 09:26:59", 
            "object_repr": "order from \u05d0\u05d1\u05d8\u05dc\u05d9\u05d5\u05df 4, \u05d4\u05e8\u05e6\u05dc\u05d9\u05d4 to \u05d0\u05dc\u05e0\u05d1\u05d9 23, \u05ea\u05dc \u05d0\u05d1\u05d9\u05d1 - \u05d9\u05e4\u05d5", 
            "object_id": "164", 
            "change_message": "", 
            "user": 6, 
            "content_type": 2
        }
    }, 
    {
        "pk": 330, 
        "model": "admin.logentry", 
        "fields": {
            "action_flag": 3, 
            "action_time": "2010-08-15 09:26:59", 
            "object_repr": "order from \u05d0\u05d1\u05d8\u05dc\u05d9\u05d5\u05df 4, \u05d4\u05e8\u05e6\u05dc\u05d9\u05d4 to \u05d0\u05dc\u05e0\u05d1\u05d9 23, \u05ea\u05dc \u05d0\u05d1\u05d9\u05d1 - \u05d9\u05e4\u05d5", 
            "object_id": "166", 
            "change_message": "", 
            "user": 6, 
            "content_type": 2
        }
    }, 
    {
        "pk": 329, 
        "model": "admin.logentry", 
        "fields": {
            "action_flag": 3, 
            "action_time": "2010-08-15 09:26:59", 
            "object_repr": "order from \u05d0\u05d1\u05d8\u05dc\u05d9\u05d5\u05df 4, \u05d4\u05e8\u05e6\u05dc\u05d9\u05d4 to \u05d0\u05dc\u05e0\u05d1\u05d9 23, \u05ea\u05dc \u05d0\u05d1\u05d9\u05d1 - \u05d9\u05e4\u05d5", 
            "object_id": "168", 
            "change_message": "", 
            "user": 6, 
            "content_type": 2
        }
    }, 
    {
        "pk": 328, 
        "model": "admin.logentry", 
        "fields": {
            "action_flag": 3, 
            "action_time": "2010-08-15 09:26:59", 
            "object_repr": "order from \u05d0\u05d1\u05d8\u05dc\u05d9\u05d5\u05df 4, \u05d4\u05e8\u05e6\u05dc\u05d9\u05d4 to \u05d0\u05dc\u05e0\u05d1\u05d9 23, \u05ea\u05dc \u05d0\u05d1\u05d9\u05d1 - \u05d9\u05e4\u05d5", 
            "object_id": "170", 
            "change_message": "", 
            "user": 6, 
            "content_type": 2
        }
    }, 
    {
        "pk": 327, 
        "model": "admin.logentry", 
        "fields": {
            "action_flag": 3, 
            "action_time": "2010-08-15 09:26:59", 
            "object_repr": "order from \u05d0\u05d1\u05d8\u05dc\u05d9\u05d5\u05df 4, \u05d4\u05e8\u05e6\u05dc\u05d9\u05d4 to \u05d0\u05dc\u05e0\u05d1\u05d9 23, \u05ea\u05dc \u05d0\u05d1\u05d9\u05d1 - \u05d9\u05e4\u05d5", 
            "object_id": "172", 
            "change_message": "", 
            "user": 6, 
            "content_type": 2
        }
    }, 
    {
        "pk": 326, 
        "model": "admin.logentry", 
        "fields": {
            "action_flag": 3, 
            "action_time": "2010-08-15 09:26:59", 
            "object_repr": "order from \u05d4\u05e8\u05e6\u05dc 10, \u05ea\u05dc \u05d0\u05d1\u05d9\u05d1 - \u05d9\u05e4\u05d5 to \u05d0\u05dc\u05e0\u05d1\u05d9 50, \u05ea\u05dc \u05d0\u05d1\u05d9\u05d1 - \u05d9\u05e4\u05d5", 
            "object_id": "224", 
            "change_message": "", 
            "user": 6, 
            "content_type": 2
        }
    }, 
    {
        "pk": 325, 
        "model": "admin.logentry", 
        "fields": {
            "action_flag": 3, 
            "action_time": "2010-08-15 09:26:59", 
            "object_repr": "order from \u05d4\u05e8\u05e6\u05dc 10, \u05ea\u05dc \u05d0\u05d1\u05d9\u05d1 - \u05d9\u05e4\u05d5 to \u05d0\u05dc\u05e0\u05d1\u05d9 52, \u05ea\u05dc \u05d0\u05d1\u05d9\u05d1 - \u05d9\u05e4\u05d5", 
            "object_id": "225", 
            "change_message": "", 
            "user": 6, 
            "content_type": 2
        }
    }, 
    {
        "pk": 324, 
        "model": "admin.logentry", 
        "fields": {
            "action_flag": 3, 
            "action_time": "2010-08-15 09:26:59", 
            "object_repr": "order from \u05d4\u05e8\u05e6\u05dc  10, \u05ea\u05dc \u05d0\u05d1\u05d9\u05d1 - \u05d9\u05e4\u05d5 to \u05d0\u05dc\u05e0\u05d1\u05d9 50, \u05ea\u05dc \u05d0\u05d1\u05d9\u05d1 - \u05d9\u05e4\u05d5", 
            "object_id": "227", 
            "change_message": "", 
            "user": 6, 
            "content_type": 2
        }
    }, 
    {
        "pk": 323, 
        "model": "admin.logentry", 
        "fields": {
            "action_flag": 3, 
            "action_time": "2010-08-15 09:26:59", 
            "object_repr": "order from \u05d4\u05e8\u05e6\u05dc  10, \u05ea\u05dc \u05d0\u05d1\u05d9\u05d1 - \u05d9\u05e4\u05d5 to \u05d0\u05dc\u05e0\u05d1\u05d9 50, \u05ea\u05dc \u05d0\u05d1\u05d9\u05d1 - \u05d9\u05e4\u05d5", 
            "object_id": "229", 
            "change_message": "", 
            "user": 6, 
            "content_type": 2
        }
    }, 
    {
        "pk": 322, 
        "model": "admin.logentry", 
        "fields": {
            "action_flag": 3, 
            "action_time": "2010-08-15 09:26:59", 
            "object_repr": "order from \u05d4\u05e8\u05e6\u05dc \u05e8\u05d5\u05d6\u05e0\u05d1\u05dc\u05d5\u05dd 10, \u05ea\u05dc \u05d0\u05d1\u05d9\u05d1 - \u05d9\u05e4\u05d5 to \u05d0\u05dc\u05e0\u05d1\u05d9 50, \u05ea\u05dc \u05d0\u05d1\u05d9\u05d1 - \u05d9\u05e4\u05d5", 
            "object_id": "231", 
            "change_message": "", 
            "user": 6, 
            "content_type": 2
        }
    }, 
    {
        "pk": 321, 
        "model": "admin.logentry", 
        "fields": {
            "action_flag": 3, 
            "action_time": "2010-08-15 09:26:59", 
            "object_repr": "order from \u05d4\u05e8\u05e6\u05dc \u05e8\u05d5\u05d6\u05e0\u05d1\u05dc\u05d5\u05dd 10, \u05ea\u05dc \u05d0\u05d1\u05d9\u05d1 - \u05d9\u05e4\u05d5 to \u05d0\u05dc\u05e0\u05d1\u05d9 50, \u05ea\u05dc \u05d0\u05d1\u05d9\u05d1 - \u05d9\u05e4\u05d5", 
            "object_id": "233", 
            "change_message": "", 
            "user": 6, 
            "content_type": 2
        }
    }, 
    {
        "pk": 320, 
        "model": "admin.logentry", 
        "fields": {
            "action_flag": 3, 
            "action_time": "2010-08-15 09:26:59", 
            "object_repr": "order from \u05d4\u05e8\u05e6\u05dc \u05e8\u05d5\u05d6\u05e0\u05d1\u05dc\u05d5\u05dd 10, \u05ea\u05dc \u05d0\u05d1\u05d9\u05d1 - \u05d9\u05e4\u05d5 to \u05d0\u05dc\u05e0\u05d1\u05d9 50, \u05ea\u05dc \u05d0\u05d1\u05d9\u05d1 - \u05d9\u05e4\u05d5", 
            "object_id": "235", 
            "change_message": "", 
            "user": 6, 
            "content_type": 2
        }
    }, 
    {
        "pk": 319, 
        "model": "admin.logentry", 
        "fields": {
            "action_flag": 3, 
            "action_time": "2010-08-15 09:26:59", 
            "object_repr": "order from \u05d4\u05e8\u05e6\u05dc \u05e8\u05d5\u05d6\u05e0\u05d1\u05dc\u05d5\u05dd 10, \u05ea\u05dc \u05d0\u05d1\u05d9\u05d1 - \u05d9\u05e4\u05d5 to \u05d0\u05dc\u05e0\u05d1\u05d9 50, \u05ea\u05dc \u05d0\u05d1\u05d9\u05d1 - \u05d9\u05e4\u05d5", 
            "object_id": "237", 
            "change_message": "", 
            "user": 6, 
            "content_type": 2
        }
    }, 
    {
        "pk": 318, 
        "model": "admin.logentry", 
        "fields": {
            "action_flag": 3, 
            "action_time": "2010-08-15 09:26:59", 
            "object_repr": "order from \u05d4\u05e8\u05e6\u05dc \u05e8\u05d5\u05d6\u05e0\u05d1\u05dc\u05d5\u05dd 10, \u05ea\u05dc \u05d0\u05d1\u05d9\u05d1 - \u05d9\u05e4\u05d5 to \u05d0\u05dc\u05e0\u05d1\u05d9 50, \u05ea\u05dc \u05d0\u05d1\u05d9\u05d1 - \u05d9\u05e4\u05d5", 
            "object_id": "239", 
            "change_message": "", 
            "user": 6, 
            "content_type": 2
        }
    }, 
    {
        "pk": 317, 
        "model": "admin.logentry", 
        "fields": {
            "action_flag": 3, 
            "action_time": "2010-08-15 09:26:59", 
            "object_repr": "order from \u05d4\u05e8\u05e6\u05dc \u05e8\u05d5\u05d6\u05e0\u05d1\u05dc\u05d5\u05dd 10, \u05ea\u05dc \u05d0\u05d1\u05d9\u05d1 - \u05d9\u05e4\u05d5 to \u05d0\u05dc\u05e0\u05d1\u05d9 50, \u05ea\u05dc \u05d0\u05d1\u05d9\u05d1 - \u05d9\u05e4\u05d5", 
            "object_id": "241", 
            "change_message": "", 
            "user": 6, 
            "content_type": 2
        }
    }, 
    {
        "pk": 316, 
        "model": "admin.logentry", 
        "fields": {
            "action_flag": 3, 
            "action_time": "2010-08-15 09:26:59", 
            "object_repr": "order from \u05d4\u05e8\u05e6\u05dc \u05e8\u05d5\u05d6\u05e0\u05d1\u05dc\u05d5\u05dd 10, \u05ea\u05dc \u05d0\u05d1\u05d9\u05d1 - \u05d9\u05e4\u05d5 to \u05d0\u05dc\u05e0\u05d1\u05d9 50, \u05ea\u05dc \u05d0\u05d1\u05d9\u05d1 - \u05d9\u05e4\u05d5", 
            "object_id": "243", 
            "change_message": "", 
            "user": 6, 
            "content_type": 2
        }
    }, 
    {
        "pk": 315, 
        "model": "admin.logentry", 
        "fields": {
            "action_flag": 3, 
            "action_time": "2010-08-15 09:26:59", 
            "object_repr": "order from \u05d4\u05e8\u05e6\u05dc \u05e8\u05d5\u05d6\u05e0\u05d1\u05dc\u05d5\u05dd 10, \u05ea\u05dc \u05d0\u05d1\u05d9\u05d1 - \u05d9\u05e4\u05d5 to \u05d0\u05dc\u05e0\u05d1\u05d9 50, \u05ea\u05dc \u05d0\u05d1\u05d9\u05d1 - \u05d9\u05e4\u05d5", 
            "object_id": "245", 
            "change_message": "", 
            "user": 6, 
            "content_type": 2
        }
    }, 
    {
        "pk": 314, 
        "model": "admin.logentry", 
        "fields": {
            "action_flag": 3, 
            "action_time": "2010-08-15 09:26:59", 
            "object_repr": "order from \u05d4\u05e8\u05e6\u05dc \u05e8\u05d5\u05d6\u05e0\u05d1\u05dc\u05d5\u05dd 10, \u05ea\u05dc \u05d0\u05d1\u05d9\u05d1 - \u05d9\u05e4\u05d5 to \u05d0\u05dc\u05e0\u05d1\u05d9 50, \u05ea\u05dc \u05d0\u05d1\u05d9\u05d1 - \u05d9\u05e4\u05d5", 
            "object_id": "247", 
            "change_message": "", 
            "user": 6, 
            "content_type": 2
        }
    }, 
    {
        "pk": 313, 
        "model": "admin.logentry", 
        "fields": {
            "action_flag": 3, 
            "action_time": "2010-08-15 09:26:59", 
            "object_repr": "order from \u05d4\u05e8\u05e6\u05dc \u05e8\u05d5\u05d6\u05e0\u05d1\u05dc\u05d5\u05dd 10, \u05ea\u05dc \u05d0\u05d1\u05d9\u05d1 - \u05d9\u05e4\u05d5 to \u05d0\u05dc\u05e0\u05d1\u05d9 50, \u05ea\u05dc \u05d0\u05d1\u05d9\u05d1 - \u05d9\u05e4\u05d5", 
            "object_id": "249", 
            "change_message": "", 
            "user": 6, 
            "content_type": 2
        }
    }, 
    {
        "pk": 312, 
        "model": "admin.logentry", 
        "fields": {
            "action_flag": 3, 
            "action_time": "2010-08-15 09:26:59", 
            "object_repr": "order from \u05d4\u05e8\u05e6\u05dc \u05e8\u05d5\u05d6\u05e0\u05d1\u05dc\u05d5\u05dd 10, \u05ea\u05dc \u05d0\u05d1\u05d9\u05d1 - \u05d9\u05e4\u05d5 to \u05d0\u05dc\u05e0\u05d1\u05d9 50, \u05ea\u05dc \u05d0\u05d1\u05d9\u05d1 - \u05d9\u05e4\u05d5", 
            "object_id": "251", 
            "change_message": "", 
            "user": 6, 
            "content_type": 2
        }
    }, 
    {
        "pk": 311, 
        "model": "admin.logentry", 
        "fields": {
            "action_flag": 3, 
            "action_time": "2010-08-15 09:26:59", 
            "object_repr": "order from \u05d4\u05e8\u05e6\u05dc \u05e8\u05d5\u05d6\u05e0\u05d1\u05dc\u05d5\u05dd 10, \u05ea\u05dc \u05d0\u05d1\u05d9\u05d1 - \u05d9\u05e4\u05d5 to \u05d0\u05dc\u05e0\u05d1\u05d9 50, \u05ea\u05dc \u05d0\u05d1\u05d9\u05d1 - \u05d9\u05e4\u05d5", 
            "object_id": "253", 
            "change_message": "", 
            "user": 6, 
            "content_type": 2
        }
    }, 
    {
        "pk": 310, 
        "model": "admin.logentry", 
        "fields": {
            "action_flag": 3, 
            "action_time": "2010-08-15 09:26:59", 
            "object_repr": "order from \u05d4\u05e8\u05e6\u05dc \u05e8\u05d5\u05d6\u05e0\u05d1\u05dc\u05d5\u05dd 10, \u05ea\u05dc \u05d0\u05d1\u05d9\u05d1 - \u05d9\u05e4\u05d5 to \u05d0\u05dc\u05e0\u05d1\u05d9 50, \u05ea\u05dc \u05d0\u05d1\u05d9\u05d1 - \u05d9\u05e4\u05d5", 
            "object_id": "255", 
            "change_message": "", 
            "user": 6, 
            "content_type": 2
        }
    }, 
    {
        "pk": 309, 
        "model": "admin.logentry", 
        "fields": {
            "action_flag": 3, 
            "action_time": "2010-08-15 09:26:59", 
            "object_repr": "order from \u05d4\u05e8\u05e6\u05dc \u05e8\u05d5\u05d6\u05e0\u05d1\u05dc\u05d5\u05dd 10, \u05ea\u05dc \u05d0\u05d1\u05d9\u05d1 - \u05d9\u05e4\u05d5 to \u05d0\u05dc\u05e0\u05d1\u05d9 50, \u05ea\u05dc \u05d0\u05d1\u05d9\u05d1 - \u05d9\u05e4\u05d5", 
            "object_id": "257", 
            "change_message": "", 
            "user": 6, 
            "content_type": 2
        }
    }, 
    {
        "pk": 308, 
        "model": "admin.logentry", 
        "fields": {
            "action_flag": 3, 
            "action_time": "2010-08-15 09:26:59", 
            "object_repr": "order from \u05d4\u05e8\u05e6\u05dc \u05e8\u05d5\u05d6\u05e0\u05d1\u05dc\u05d5\u05dd 10, \u05ea\u05dc \u05d0\u05d1\u05d9\u05d1 - \u05d9\u05e4\u05d5 to \u05d0\u05dc\u05e0\u05d1\u05d9 50, \u05ea\u05dc \u05d0\u05d1\u05d9\u05d1 - \u05d9\u05e4\u05d5", 
            "object_id": "259", 
            "change_message": "", 
            "user": 6, 
            "content_type": 2
        }
    }, 
    {
        "pk": 307, 
        "model": "admin.logentry", 
        "fields": {
            "action_flag": 3, 
            "action_time": "2010-08-15 09:26:59", 
            "object_repr": "order from \u05d4\u05e8\u05e6\u05dc \u05e8\u05d5\u05d6\u05e0\u05d1\u05dc\u05d5\u05dd 10, \u05ea\u05dc \u05d0\u05d1\u05d9\u05d1 - \u05d9\u05e4\u05d5 to \u05d0\u05dc\u05e0\u05d1\u05d9 50, \u05ea\u05dc \u05d0\u05d1\u05d9\u05d1 - \u05d9\u05e4\u05d5", 
            "object_id": "261", 
            "change_message": "", 
            "user": 6, 
            "content_type": 2
        }
    }, 
    {
        "pk": 306, 
        "model": "admin.logentry", 
        "fields": {
            "action_flag": 3, 
            "action_time": "2010-08-15 09:26:59", 
            "object_repr": "order from \u05d4\u05e8\u05e6\u05dc \u05e8\u05d5\u05d6\u05e0\u05d1\u05dc\u05d5\u05dd 10, \u05ea\u05dc \u05d0\u05d1\u05d9\u05d1 - \u05d9\u05e4\u05d5 to \u05d0\u05dc\u05e0\u05d1\u05d9 50, \u05ea\u05dc \u05d0\u05d1\u05d9\u05d1 - \u05d9\u05e4\u05d5", 
            "object_id": "263", 
            "change_message": "", 
            "user": 6, 
            "content_type": 2
        }
    }, 
    {
        "pk": 305, 
        "model": "admin.logentry", 
        "fields": {
            "action_flag": 3, 
            "action_time": "2010-08-15 09:26:59", 
            "object_repr": "order from \u05d4\u05e8\u05e6\u05dc \u05e8\u05d5\u05d6\u05e0\u05d1\u05dc\u05d5\u05dd 10, \u05ea\u05dc \u05d0\u05d1\u05d9\u05d1 - \u05d9\u05e4\u05d5 to \u05d0\u05dc\u05e0\u05d1\u05d9 50, \u05ea\u05dc \u05d0\u05d1\u05d9\u05d1 - \u05d9\u05e4\u05d5", 
            "object_id": "268", 
            "change_message": "", 
            "user": 6, 
            "content_type": 2
        }
    }, 
    {
        "pk": 304, 
        "model": "admin.logentry", 
        "fields": {
            "action_flag": 3, 
            "action_time": "2010-08-15 09:26:59", 
            "object_repr": "order from \u05d9\u05e9\u05e2\u05d9\u05d4\u05d5 60, \u05ea\u05dc \u05d0\u05d1\u05d9\u05d1 - \u05d9\u05e4\u05d5 to \u05e8\u05d5\u05d8\u05e9\u05d9\u05dc\u05d3 19, \u05ea\u05dc \u05d0\u05d1\u05d9\u05d1 - \u05d9\u05e4\u05d5", 
            "object_id": "270", 
            "change_message": "", 
            "user": 6, 
            "content_type": 2
        }
    }, 
    {
        "pk": 303, 
        "model": "admin.logentry", 
        "fields": {
            "action_flag": 3, 
            "action_time": "2010-08-15 09:26:59", 
            "object_repr": "order from \u05d9\u05e9\u05e2\u05d9\u05d4\u05d5 60, \u05ea\u05dc \u05d0\u05d1\u05d9\u05d1 - \u05d9\u05e4\u05d5 to \u05e8\u05d5\u05d8\u05e9\u05d9\u05dc\u05d3 19, \u05ea\u05dc \u05d0\u05d1\u05d9\u05d1 - \u05d9\u05e4\u05d5", 
            "object_id": "271", 
            "change_message": "", 
            "user": 6, 
            "content_type": 2
        }
    }, 
    {
        "pk": 302, 
        "model": "admin.logentry", 
        "fields": {
            "action_flag": 3, 
            "action_time": "2010-08-15 09:26:59", 
            "object_repr": "order from \u05d9\u05e9\u05e2\u05d9\u05d4\u05d5 60, \u05ea\u05dc \u05d0\u05d1\u05d9\u05d1 - \u05d9\u05e4\u05d5 to \u05e8\u05d5\u05d8\u05e9\u05d9\u05dc\u05d3 19, \u05ea\u05dc \u05d0\u05d1\u05d9\u05d1 - \u05d9\u05e4\u05d5", 
            "object_id": "273", 
            "change_message": "", 
            "user": 6, 
            "content_type": 2
        }
    }, 
    {
        "pk": 301, 
        "model": "admin.logentry", 
        "fields": {
            "action_flag": 3, 
            "action_time": "2010-08-15 09:26:47", 
            "object_repr": "order #order from  to  assigned to station: ", 
            "object_id": "226", 
            "change_message": "", 
            "user": 6, 
            "content_type": 11
        }
    }, 
    {
        "pk": 300, 
        "model": "admin.logentry", 
        "fields": {
            "action_flag": 3, 
            "action_time": "2010-08-15 09:26:47", 
            "object_repr": "order #order from  to  assigned to station: ", 
            "object_id": "228", 
            "change_message": "", 
            "user": 6, 
            "content_type": 11
        }
    }, 
    {
        "pk": 299, 
        "model": "admin.logentry", 
        "fields": {
            "action_flag": 3, 
            "action_time": "2010-08-15 09:26:47", 
            "object_repr": "order #order from  to  assigned to station: ", 
            "object_id": "230", 
            "change_message": "", 
            "user": 6, 
            "content_type": 11
        }
    }, 
    {
        "pk": 298, 
        "model": "admin.logentry", 
        "fields": {
            "action_flag": 3, 
            "action_time": "2010-08-15 09:26:47", 
            "object_repr": "order #order from  to  assigned to station: ", 
            "object_id": "232", 
            "change_message": "", 
            "user": 6, 
            "content_type": 11
        }
    }, 
    {
        "pk": 297, 
        "model": "admin.logentry", 
        "fields": {
            "action_flag": 3, 
            "action_time": "2010-08-15 09:26:47", 
            "object_repr": "order #order from  to  assigned to station: ", 
            "object_id": "234", 
            "change_message": "", 
            "user": 6, 
            "content_type": 11
        }
    }, 
    {
        "pk": 296, 
        "model": "admin.logentry", 
        "fields": {
            "action_flag": 3, 
            "action_time": "2010-08-15 09:26:47", 
            "object_repr": "order #order from  to  assigned to station: ", 
            "object_id": "236", 
            "change_message": "", 
            "user": 6, 
            "content_type": 11
        }
    }, 
    {
        "pk": 295, 
        "model": "admin.logentry", 
        "fields": {
            "action_flag": 3, 
            "action_time": "2010-08-15 09:26:47", 
            "object_repr": "order #order from  to  assigned to station: ", 
            "object_id": "238", 
            "change_message": "", 
            "user": 6, 
            "content_type": 11
        }
    }, 
    {
        "pk": 294, 
        "model": "admin.logentry", 
        "fields": {
            "action_flag": 3, 
            "action_time": "2010-08-15 09:26:47", 
            "object_repr": "order #order from  to  assigned to station: ", 
            "object_id": "240", 
            "change_message": "", 
            "user": 6, 
            "content_type": 11
        }
    }, 
    {
        "pk": 293, 
        "model": "admin.logentry", 
        "fields": {
            "action_flag": 3, 
            "action_time": "2010-08-15 09:26:47", 
            "object_repr": "order #order from  to  assigned to station: ", 
            "object_id": "242", 
            "change_message": "", 
            "user": 6, 
            "content_type": 11
        }
    }, 
    {
        "pk": 292, 
        "model": "admin.logentry", 
        "fields": {
            "action_flag": 3, 
            "action_time": "2010-08-15 09:26:47", 
            "object_repr": "order #order from  to  assigned to station: ", 
            "object_id": "244", 
            "change_message": "", 
            "user": 6, 
            "content_type": 11
        }
    }, 
    {
        "pk": 291, 
        "model": "admin.logentry", 
        "fields": {
            "action_flag": 3, 
            "action_time": "2010-08-15 09:26:47", 
            "object_repr": "order #order from  to  assigned to station: ", 
            "object_id": "246", 
            "change_message": "", 
            "user": 6, 
            "content_type": 11
        }
    }, 
    {
        "pk": 290, 
        "model": "admin.logentry", 
        "fields": {
            "action_flag": 3, 
            "action_time": "2010-08-15 09:26:47", 
            "object_repr": "order #order from  to  assigned to station: ", 
            "object_id": "248", 
            "change_message": "", 
            "user": 6, 
            "content_type": 11
        }
    }, 
    {
        "pk": 289, 
        "model": "admin.logentry", 
        "fields": {
            "action_flag": 3, 
            "action_time": "2010-08-15 09:26:47", 
            "object_repr": "order #order from  to  assigned to station: ", 
            "object_id": "250", 
            "change_message": "", 
            "user": 6, 
            "content_type": 11
        }
    }, 
    {
        "pk": 288, 
        "model": "admin.logentry", 
        "fields": {
            "action_flag": 3, 
            "action_time": "2010-08-15 09:26:47", 
            "object_repr": "order #order from  to  assigned to station: ", 
            "object_id": "252", 
            "change_message": "", 
            "user": 6, 
            "content_type": 11
        }
    }, 
    {
        "pk": 287, 
        "model": "admin.logentry", 
        "fields": {
            "action_flag": 3, 
            "action_time": "2010-08-15 09:26:47", 
            "object_repr": "order #order from  to  assigned to station: ", 
            "object_id": "254", 
            "change_message": "", 
            "user": 6, 
            "content_type": 11
        }
    }, 
    {
        "pk": 286, 
        "model": "admin.logentry", 
        "fields": {
            "action_flag": 3, 
            "action_time": "2010-08-15 09:26:47", 
            "object_repr": "order #order from  to  assigned to station: ", 
            "object_id": "256", 
            "change_message": "", 
            "user": 6, 
            "content_type": 11
        }
    }, 
    {
        "pk": 285, 
        "model": "admin.logentry", 
        "fields": {
            "action_flag": 3, 
            "action_time": "2010-08-15 09:26:47", 
            "object_repr": "order #order from  to  assigned to station: ", 
            "object_id": "258", 
            "change_message": "", 
            "user": 6, 
            "content_type": 11
        }
    }, 
    {
        "pk": 284, 
        "model": "admin.logentry", 
        "fields": {
            "action_flag": 3, 
            "action_time": "2010-08-15 09:26:47", 
            "object_repr": "order #order from  to  assigned to station: ", 
            "object_id": "260", 
            "change_message": "", 
            "user": 6, 
            "content_type": 11
        }
    }, 
    {
        "pk": 283, 
        "model": "admin.logentry", 
        "fields": {
            "action_flag": 3, 
            "action_time": "2010-08-15 09:26:47", 
            "object_repr": "order #order from  to  assigned to station: ", 
            "object_id": "262", 
            "change_message": "", 
            "user": 6, 
            "content_type": 11
        }
    }, 
    {
        "pk": 282, 
        "model": "admin.logentry", 
        "fields": {
            "action_flag": 3, 
            "action_time": "2010-08-15 09:26:47", 
            "object_repr": "order #order from  to  assigned to station: ", 
            "object_id": "264", 
            "change_message": "", 
            "user": 6, 
            "content_type": 11
        }
    }, 
    {
        "pk": 281, 
        "model": "admin.logentry", 
        "fields": {
            "action_flag": 3, 
            "action_time": "2010-08-15 09:26:47", 
            "object_repr": "order #order from  to  assigned to station: ", 
            "object_id": "265", 
            "change_message": "", 
            "user": 6, 
            "content_type": 11
        }
    }, 
    {
        "pk": 280, 
        "model": "admin.logentry", 
        "fields": {
            "action_flag": 3, 
            "action_time": "2010-08-15 09:26:47", 
            "object_repr": "order #order from  to  assigned to station: ", 
            "object_id": "266", 
            "change_message": "", 
            "user": 6, 
            "content_type": 11
        }
    }, 
    {
        "pk": 279, 
        "model": "admin.logentry", 
        "fields": {
            "action_flag": 3, 
            "action_time": "2010-08-15 09:26:47", 
            "object_repr": "order #order from  to  assigned to station: ", 
            "object_id": "267", 
            "change_message": "", 
            "user": 6, 
            "content_type": 11
        }
    }, 
    {
        "pk": 278, 
        "model": "admin.logentry", 
        "fields": {
            "action_flag": 3, 
            "action_time": "2010-08-15 09:26:47", 
            "object_repr": "order #order from  to  assigned to station: ", 
            "object_id": "269", 
            "change_message": "", 
            "user": 6, 
            "content_type": 11
        }
    }, 
    {
        "pk": 277, 
        "model": "admin.logentry", 
        "fields": {
            "action_flag": 3, 
            "action_time": "2010-08-15 09:26:47", 
            "object_repr": "order #order from  to  assigned to station: ", 
            "object_id": "274", 
            "change_message": "", 
            "user": 6, 
            "content_type": 11
        }
    }, 
    {
        "pk": 276, 
        "model": "admin.logentry", 
        "fields": {
            "action_flag": 3, 
            "action_time": "2010-08-15 09:26:47", 
            "object_repr": "order #order from  to  assigned to station: ", 
            "object_id": "275", 
            "change_message": "", 
            "user": 6, 
            "content_type": 11
        }
    }, 
    {
        "pk": 272, 
        "model": "admin.logentry", 
        "fields": {
            "action_flag": 2, 
            "action_time": "2010-08-15 08:57:48", 
            "object_repr": "john", 
            "object_id": "6", 
            "change_message": "Changed is_staff and is_superuser.", 
            "user": 1, 
            "content_type": 5
        }
    }, 
    {
        "pk": 223, 
        "model": "admin.logentry", 
        "fields": {
            "action_flag": 3, 
            "action_time": "2010-08-12 12:44:08", 
            "object_repr": "order #50 assigned to station Golden Cabs", 
            "object_id": "51", 
            "change_message": "", 
            "user": 1, 
            "content_type": 11
        }
    }, 
    {
        "pk": 222, 
        "model": "admin.logentry", 
        "fields": {
            "action_flag": 3, 
            "action_time": "2010-08-12 12:44:08", 
            "object_repr": "order #53 assigned to station Golden Cabs", 
            "object_id": "54", 
            "change_message": "", 
            "user": 1, 
            "content_type": 11
        }
    }, 
    {
        "pk": 221, 
        "model": "admin.logentry", 
        "fields": {
            "action_flag": 3, 
            "action_time": "2010-08-12 12:44:08", 
            "object_repr": "order #55 assigned to station Golden Cabs", 
            "object_id": "56", 
            "change_message": "", 
            "user": 1, 
            "content_type": 11
        }
    }, 
    {
        "pk": 220, 
        "model": "admin.logentry", 
        "fields": {
            "action_flag": 3, 
            "action_time": "2010-08-12 12:44:08", 
            "object_repr": "order #57 assigned to station Golden Cabs", 
            "object_id": "58", 
            "change_message": "", 
            "user": 1, 
            "content_type": 11
        }
    }, 
    {
        "pk": 219, 
        "model": "admin.logentry", 
        "fields": {
            "action_flag": 3, 
            "action_time": "2010-08-12 12:44:08", 
            "object_repr": "order #59 assigned to station Golden Cabs", 
            "object_id": "60", 
            "change_message": "", 
            "user": 1, 
            "content_type": 11
        }
    }, 
    {
        "pk": 218, 
        "model": "admin.logentry", 
        "fields": {
            "action_flag": 3, 
            "action_time": "2010-08-12 12:44:08", 
            "object_repr": "order #62 assigned to station Golden Cabs", 
            "object_id": "63", 
            "change_message": "", 
            "user": 1, 
            "content_type": 11
        }
    }, 
    {
        "pk": 217, 
        "model": "admin.logentry", 
        "fields": {
            "action_flag": 3, 
            "action_time": "2010-08-12 12:44:08", 
            "object_repr": "order #64 assigned to station Golden Cabs", 
            "object_id": "65", 
            "change_message": "", 
            "user": 1, 
            "content_type": 11
        }
    }, 
    {
        "pk": 216, 
        "model": "admin.logentry", 
        "fields": {
            "action_flag": 3, 
            "action_time": "2010-08-12 12:44:08", 
            "object_repr": "order #66 assigned to station Golden Cabs", 
            "object_id": "67", 
            "change_message": "", 
            "user": 1, 
            "content_type": 11
        }
    }, 
    {
        "pk": 215, 
        "model": "admin.logentry", 
        "fields": {
            "action_flag": 3, 
            "action_time": "2010-08-12 12:44:08", 
            "object_repr": "order #87 assigned to station Golden Cabs", 
            "object_id": "88", 
            "change_message": "", 
            "user": 1, 
            "content_type": 11
        }
    }, 
    {
        "pk": 214, 
        "model": "admin.logentry", 
        "fields": {
            "action_flag": 3, 
            "action_time": "2010-08-12 12:44:08", 
            "object_repr": "order #89 assigned to station Golden Cabs", 
            "object_id": "90", 
            "change_message": "", 
            "user": 1, 
            "content_type": 11
        }
    }, 
    {
        "pk": 213, 
        "model": "admin.logentry", 
        "fields": {
            "action_flag": 3, 
            "action_time": "2010-08-12 12:44:08", 
            "object_repr": "order #91 assigned to station Golden Cabs", 
            "object_id": "92", 
            "change_message": "", 
            "user": 1, 
            "content_type": 11
        }
    }, 
    {
        "pk": 212, 
        "model": "admin.logentry", 
        "fields": {
            "action_flag": 3, 
            "action_time": "2010-08-12 12:44:08", 
            "object_repr": "order #93 assigned to station Golden Cabs", 
            "object_id": "94", 
            "change_message": "", 
            "user": 1, 
            "content_type": 11
        }
    }, 
    {
        "pk": 211, 
        "model": "admin.logentry", 
        "fields": {
            "action_flag": 3, 
            "action_time": "2010-08-12 12:44:08", 
            "object_repr": "order #95 assigned to station Golden Cabs", 
            "object_id": "96", 
            "change_message": "", 
            "user": 1, 
            "content_type": 11
        }
    }, 
    {
        "pk": 210, 
        "model": "admin.logentry", 
        "fields": {
            "action_flag": 3, 
            "action_time": "2010-08-12 12:44:08", 
            "object_repr": "order #97 assigned to station Golden Cabs", 
            "object_id": "98", 
            "change_message": "", 
            "user": 1, 
            "content_type": 11
        }
    }, 
    {
        "pk": 209, 
        "model": "admin.logentry", 
        "fields": {
            "action_flag": 3, 
            "action_time": "2010-08-12 12:44:07", 
            "object_repr": "order #99 assigned to station Golden Cabs", 
            "object_id": "100", 
            "change_message": "", 
            "user": 1, 
            "content_type": 11
        }
    }, 
    {
        "pk": 208, 
        "model": "admin.logentry", 
        "fields": {
            "action_flag": 3, 
            "action_time": "2010-08-12 12:44:07", 
            "object_repr": "order #101 assigned to station Golden Cabs", 
            "object_id": "102", 
            "change_message": "", 
            "user": 1, 
            "content_type": 11
        }
    }, 
    {
        "pk": 207, 
        "model": "admin.logentry", 
        "fields": {
            "action_flag": 3, 
            "action_time": "2010-08-12 12:44:07", 
            "object_repr": "order #106 assigned to station Golden Cabs", 
            "object_id": "107", 
            "change_message": "", 
            "user": 1, 
            "content_type": 11
        }
    }, 
    {
        "pk": 206, 
        "model": "admin.logentry", 
        "fields": {
            "action_flag": 3, 
            "action_time": "2010-08-12 12:44:07", 
            "object_repr": "order #108 assigned to station Golden Cabs", 
            "object_id": "109", 
            "change_message": "", 
            "user": 1, 
            "content_type": 11
        }
    }, 
    {
        "pk": 205, 
        "model": "admin.logentry", 
        "fields": {
            "action_flag": 3, 
            "action_time": "2010-08-12 12:44:07", 
            "object_repr": "order #110 assigned to station Golden Cabs", 
            "object_id": "111", 
            "change_message": "", 
            "user": 1, 
            "content_type": 11
        }
    }, 
    {
        "pk": 204, 
        "model": "admin.logentry", 
        "fields": {
            "action_flag": 3, 
            "action_time": "2010-08-12 12:44:07", 
            "object_repr": "order #112 assigned to station Golden Cabs", 
            "object_id": "113", 
            "change_message": "", 
            "user": 1, 
            "content_type": 11
        }
    }, 
    {
        "pk": 203, 
        "model": "admin.logentry", 
        "fields": {
            "action_flag": 3, 
            "action_time": "2010-08-12 12:44:07", 
            "object_repr": "order #114 assigned to station Golden Cabs", 
            "object_id": "115", 
            "change_message": "", 
            "user": 1, 
            "content_type": 11
        }
    }, 
    {
        "pk": 202, 
        "model": "admin.logentry", 
        "fields": {
            "action_flag": 3, 
            "action_time": "2010-08-12 12:44:07", 
            "object_repr": "order #116 assigned to station Golden Cabs", 
            "object_id": "117", 
            "change_message": "", 
            "user": 1, 
            "content_type": 11
        }
    }, 
    {
        "pk": 201, 
        "model": "admin.logentry", 
        "fields": {
            "action_flag": 3, 
            "action_time": "2010-08-12 12:44:07", 
            "object_repr": "order #118 assigned to station Golden Cabs", 
            "object_id": "119", 
            "change_message": "", 
            "user": 1, 
            "content_type": 11
        }
    }, 
    {
        "pk": 200, 
        "model": "admin.logentry", 
        "fields": {
            "action_flag": 3, 
            "action_time": "2010-08-12 12:44:07", 
            "object_repr": "order #120 assigned to station Golden Cabs", 
            "object_id": "121", 
            "change_message": "", 
            "user": 1, 
            "content_type": 11
        }
    }, 
    {
        "pk": 199, 
        "model": "admin.logentry", 
        "fields": {
            "action_flag": 3, 
            "action_time": "2010-08-12 12:44:07", 
            "object_repr": "order #122 assigned to station Golden Cabs", 
            "object_id": "123", 
            "change_message": "", 
            "user": 1, 
            "content_type": 11
        }
    }, 
    {
        "pk": 198, 
        "model": "admin.logentry", 
        "fields": {
            "action_flag": 3, 
            "action_time": "2010-08-12 12:44:07", 
            "object_repr": "order #124 assigned to station Golden Cabs", 
            "object_id": "125", 
            "change_message": "", 
            "user": 1, 
            "content_type": 11
        }
    }, 
    {
        "pk": 197, 
        "model": "admin.logentry", 
        "fields": {
            "action_flag": 3, 
            "action_time": "2010-08-12 12:44:07", 
            "object_repr": "order #126 assigned to station Golden Cabs", 
            "object_id": "127", 
            "change_message": "", 
            "user": 1, 
            "content_type": 11
        }
    }, 
    {
        "pk": 196, 
        "model": "admin.logentry", 
        "fields": {
            "action_flag": 3, 
            "action_time": "2010-08-12 12:44:07", 
            "object_repr": "order #128 assigned to station Golden Cabs", 
            "object_id": "129", 
            "change_message": "", 
            "user": 1, 
            "content_type": 11
        }
    }, 
    {
        "pk": 195, 
        "model": "admin.logentry", 
        "fields": {
            "action_flag": 3, 
            "action_time": "2010-08-12 12:44:07", 
            "object_repr": "order #130 assigned to station Golden Cabs", 
            "object_id": "131", 
            "change_message": "", 
            "user": 1, 
            "content_type": 11
        }
    }, 
    {
        "pk": 194, 
        "model": "admin.logentry", 
        "fields": {
            "action_flag": 3, 
            "action_time": "2010-08-12 12:44:07", 
            "object_repr": "order #132 assigned to station Golden Cabs", 
            "object_id": "133", 
            "change_message": "", 
            "user": 1, 
            "content_type": 11
        }
    }, 
    {
        "pk": 193, 
        "model": "admin.logentry", 
        "fields": {
            "action_flag": 3, 
            "action_time": "2010-08-12 12:44:07", 
            "object_repr": "order #134 assigned to station Golden Cabs", 
            "object_id": "135", 
            "change_message": "", 
            "user": 1, 
            "content_type": 11
        }
    }, 
    {
        "pk": 192, 
        "model": "admin.logentry", 
        "fields": {
            "action_flag": 3, 
            "action_time": "2010-08-12 12:44:07", 
            "object_repr": "order #136 assigned to station Golden Cabs", 
            "object_id": "137", 
            "change_message": "", 
            "user": 1, 
            "content_type": 11
        }
    }, 
    {
        "pk": 191, 
        "model": "admin.logentry", 
        "fields": {
            "action_flag": 3, 
            "action_time": "2010-08-12 12:44:07", 
            "object_repr": "order #138 assigned to station Golden Cabs", 
            "object_id": "139", 
            "change_message": "", 
            "user": 1, 
            "content_type": 11
        }
    }, 
    {
        "pk": 190, 
        "model": "admin.logentry", 
        "fields": {
            "action_flag": 3, 
            "action_time": "2010-08-12 12:44:07", 
            "object_repr": "order #140 assigned to station Golden Cabs", 
            "object_id": "141", 
            "change_message": "", 
            "user": 1, 
            "content_type": 11
        }
    }, 
    {
        "pk": 189, 
        "model": "admin.logentry", 
        "fields": {
            "action_flag": 3, 
            "action_time": "2010-08-12 12:44:07", 
            "object_repr": "order #142 assigned to station Golden Cabs", 
            "object_id": "143", 
            "change_message": "", 
            "user": 1, 
            "content_type": 11
        }
    }, 
    {
        "pk": 188, 
        "model": "admin.logentry", 
        "fields": {
            "action_flag": 3, 
            "action_time": "2010-08-12 12:44:07", 
            "object_repr": "order #144 assigned to station Golden Cabs", 
            "object_id": "145", 
            "change_message": "", 
            "user": 1, 
            "content_type": 11
        }
    }, 
    {
        "pk": 187, 
        "model": "admin.logentry", 
        "fields": {
            "action_flag": 3, 
            "action_time": "2010-08-12 12:44:07", 
            "object_repr": "order #146 assigned to station Golden Cabs", 
            "object_id": "147", 
            "change_message": "", 
            "user": 1, 
            "content_type": 11
        }
    }, 
    {
        "pk": 186, 
        "model": "admin.logentry", 
        "fields": {
            "action_flag": 3, 
            "action_time": "2010-08-12 12:44:07", 
            "object_repr": "order #148 assigned to station Golden Cabs", 
            "object_id": "149", 
            "change_message": "", 
            "user": 1, 
            "content_type": 11
        }
    }, 
    {
        "pk": 185, 
        "model": "admin.logentry", 
        "fields": {
            "action_flag": 3, 
            "action_time": "2010-08-12 12:44:07", 
            "object_repr": "order #150 assigned to station Golden Cabs", 
            "object_id": "151", 
            "change_message": "", 
            "user": 1, 
            "content_type": 11
        }
    }, 
    {
        "pk": 184, 
        "model": "admin.logentry", 
        "fields": {
            "action_flag": 3, 
            "action_time": "2010-08-12 12:44:07", 
            "object_repr": "order #152 assigned to station Golden Cabs", 
            "object_id": "153", 
            "change_message": "", 
            "user": 1, 
            "content_type": 11
        }
    }, 
    {
        "pk": 183, 
        "model": "admin.logentry", 
        "fields": {
            "action_flag": 3, 
            "action_time": "2010-08-12 12:44:07", 
            "object_repr": "order #154 assigned to station Golden Cabs", 
            "object_id": "155", 
            "change_message": "", 
            "user": 1, 
            "content_type": 11
        }
    }, 
    {
        "pk": 182, 
        "model": "admin.logentry", 
        "fields": {
            "action_flag": 3, 
            "action_time": "2010-08-12 12:44:07", 
            "object_repr": "order #156 assigned to station Golden Cabs", 
            "object_id": "157", 
            "change_message": "", 
            "user": 1, 
            "content_type": 11
        }
    }, 
    {
        "pk": 181, 
        "model": "admin.logentry", 
        "fields": {
            "action_flag": 3, 
            "action_time": "2010-08-12 12:44:07", 
            "object_repr": "order #158 assigned to station Golden Cabs", 
            "object_id": "159", 
            "change_message": "", 
            "user": 1, 
            "content_type": 11
        }
    }, 
    {
        "pk": 180, 
        "model": "admin.logentry", 
        "fields": {
            "action_flag": 3, 
            "action_time": "2010-08-12 12:44:07", 
            "object_repr": "order #160 assigned to station Golden Cabs", 
            "object_id": "161", 
            "change_message": "", 
            "user": 1, 
            "content_type": 11
        }
    }, 
    {
        "pk": 179, 
        "model": "admin.logentry", 
        "fields": {
            "action_flag": 3, 
            "action_time": "2010-08-12 12:44:07", 
            "object_repr": "order #162 assigned to station Golden Cabs", 
            "object_id": "163", 
            "change_message": "", 
            "user": 1, 
            "content_type": 11
        }
    }, 
    {
        "pk": 178, 
        "model": "admin.logentry", 
        "fields": {
            "action_flag": 3, 
            "action_time": "2010-08-12 12:44:07", 
            "object_repr": "order #164 assigned to station Golden Cabs", 
            "object_id": "165", 
            "change_message": "", 
            "user": 1, 
            "content_type": 11
        }
    }, 
    {
        "pk": 177, 
        "model": "admin.logentry", 
        "fields": {
            "action_flag": 3, 
            "action_time": "2010-08-12 12:44:07", 
            "object_repr": "order #166 assigned to station Golden Cabs", 
            "object_id": "167", 
            "change_message": "", 
            "user": 1, 
            "content_type": 11
        }
    }, 
    {
        "pk": 176, 
        "model": "admin.logentry", 
        "fields": {
            "action_flag": 3, 
            "action_time": "2010-08-12 12:44:07", 
            "object_repr": "order #168 assigned to station Golden Cabs", 
            "object_id": "169", 
            "change_message": "", 
            "user": 1, 
            "content_type": 11
        }
    }, 
    {
        "pk": 175, 
        "model": "admin.logentry", 
        "fields": {
            "action_flag": 3, 
            "action_time": "2010-08-12 12:44:07", 
            "object_repr": "order #170 assigned to station Golden Cabs", 
            "object_id": "171", 
            "change_message": "", 
            "user": 1, 
            "content_type": 11
        }
    }, 
    {
        "pk": 174, 
        "model": "admin.logentry", 
        "fields": {
            "action_flag": 3, 
            "action_time": "2010-08-12 12:44:07", 
            "object_repr": "order #172 assigned to station Golden Cabs", 
            "object_id": "173", 
            "change_message": "", 
            "user": 1, 
            "content_type": 11
        }
    }, 
    {
        "pk": 105, 
        "model": "admin.logentry", 
        "fields": {
            "action_flag": 2, 
            "action_time": "2010-08-12 10:15:50", 
            "object_repr": "workstation1", 
            "object_id": "69", 
            "change_message": "No fields changed.", 
            "user": 1, 
            "content_type": 5
        }
    }, 
    {
        "pk": 78, 
        "model": "admin.logentry", 
        "fields": {
            "action_flag": 1, 
            "action_time": "2010-08-12 08:31:56", 
            "object_repr": "Workstation of: 30", 
            "object_id": "77", 
            "change_message": "", 
            "user": 1, 
            "content_type": 32
        }
    }, 
    {
        "pk": 76, 
        "model": "admin.logentry", 
        "fields": {
            "action_flag": 1, 
            "action_time": "2010-08-12 08:31:43", 
            "object_repr": "Workstation of: 30", 
            "object_id": "75", 
            "change_message": "", 
            "user": 1, 
            "content_type": 32
        }
    }, 
    {
        "pk": 74, 
        "model": "admin.logentry", 
        "fields": {
            "action_flag": 2, 
            "action_time": "2010-08-12 08:30:43", 
            "object_repr": "workstation2", 
            "object_id": "72", 
            "change_message": "No fields changed.", 
            "user": 1, 
            "content_type": 5
        }
    }, 
    {
        "pk": 73, 
        "model": "admin.logentry", 
        "fields": {
            "action_flag": 1, 
            "action_time": "2010-08-12 08:30:40", 
            "object_repr": "workstation2", 
            "object_id": "72", 
            "change_message": "", 
            "user": 1, 
            "content_type": 5
        }
    }, 
    {
        "pk": 71, 
        "model": "admin.logentry", 
        "fields": {
            "action_flag": 2, 
            "action_time": "2010-08-12 08:30:30", 
            "object_repr": "workstation1", 
            "object_id": "69", 
            "change_message": "No fields changed.", 
            "user": 1, 
            "content_type": 5
        }
    }, 
    {
        "pk": 70, 
        "model": "admin.logentry", 
        "fields": {
            "action_flag": 1, 
            "action_time": "2010-08-12 08:30:26", 
            "object_repr": "workstation1", 
            "object_id": "69", 
            "change_message": "", 
            "user": 1, 
            "content_type": 5
        }
    }, 
    {
        "pk": 61, 
        "model": "admin.logentry", 
        "fields": {
            "action_flag": 2, 
            "action_time": "2010-08-11 09:36:12", 
            "object_repr": "Workstation of: 30", 
            "object_id": "33", 
            "change_message": "Changed im_user.", 
            "user": 1, 
            "content_type": 32
        }
    }, 
    {
        "pk": 52, 
        "model": "admin.logentry", 
        "fields": {
            "action_flag": 2, 
            "action_time": "2010-08-11 09:13:03", 
            "object_repr": "john", 
            "object_id": "6", 
            "change_message": "Changed last_name.", 
            "user": 1, 
            "content_type": 5
        }
    }, 
    {
        "pk": 34, 
        "model": "admin.logentry", 
        "fields": {
            "action_flag": 1, 
            "action_time": "2010-08-10 12:26:48", 
            "object_repr": "Workstation of: 30", 
            "object_id": "33", 
            "change_message": "", 
            "user": 1, 
            "content_type": 32
        }
    }, 
    {
        "pk": 31, 
        "model": "admin.logentry", 
        "fields": {
            "action_flag": 1, 
            "action_time": "2010-08-10 12:26:36", 
            "object_repr": "Golden Cabs", 
            "object_id": "30", 
            "change_message": "", 
            "user": 1, 
            "content_type": 29
        }
    }, 
    {
        "pk": 28, 
        "model": "admin.logentry", 
        "fields": {
            "action_flag": 2, 
            "action_time": "2010-08-10 12:26:14", 
            "object_repr": "station1", 
            "object_id": "26", 
            "change_message": "No fields changed.", 
            "user": 1, 
            "content_type": 5
        }
    }, 
    {
        "pk": 27, 
        "model": "admin.logentry", 
        "fields": {
            "action_flag": 1, 
            "action_time": "2010-08-10 12:26:10", 
            "object_repr": "station1", 
            "object_id": "26", 
            "change_message": "", 
            "user": 1, 
            "content_type": 5
        }
    }, 
    {
        "pk": 17, 
        "model": "admin.logentry", 
        "fields": {
            "action_flag": 2, 
            "action_time": "2010-08-10 12:24:15", 
            "object_repr": "Israel", 
            "object_id": "12", 
            "change_message": "Changed code.", 
            "user": 1, 
            "content_type": 3
        }
    }, 
    {
        "pk": 16, 
        "model": "admin.logentry", 
        "fields": {
            "action_flag": 1, 
            "action_time": "2010-08-04 10:21:32", 
            "object_repr": "Jerusalem", 
            "object_id": "15", 
            "change_message": "", 
            "user": 1, 
            "content_type": 14
        }
    }, 
    {
        "pk": 13, 
        "model": "admin.logentry", 
        "fields": {
            "action_flag": 1, 
            "action_time": "2010-08-04 10:21:17", 
            "object_repr": "Israel", 
            "object_id": "12", 
            "change_message": "", 
            "user": 1, 
            "content_type": 3
        }
    }, 
    {
        "pk": 10, 
        "model": "admin.logentry", 
        "fields": {
            "action_flag": 1, 
            "action_time": "2010-08-03 15:15:09", 
            "object_repr": "john", 
            "object_id": "9", 
            "change_message": "", 
            "user": 1, 
            "content_type": 4
        }
    }, 
    {
        "pk": 8, 
        "model": "admin.logentry", 
        "fields": {
            "action_flag": 2, 
            "action_time": "2010-08-03 15:14:40", 
            "object_repr": "john", 
            "object_id": "6", 
            "change_message": "Changed first_name and last_name.", 
            "user": 1, 
            "content_type": 5
        }
    }, 
    {
        "pk": 7, 
        "model": "admin.logentry", 
        "fields": {
            "action_flag": 1, 
            "action_time": "2010-08-03 15:14:23", 
            "object_repr": "john", 
            "object_id": "6", 
            "change_message": "", 
            "user": 1, 
            "content_type": 5
        }
    }, 
    {
        "pk": 12, 
        "model": "common.country", 
        "fields": {
            "code": "IL", 
            "name": "Israel"
        }
    }, 
    {
        "pk": 15, 
        "model": "common.city", 
        "fields": {
            "country": 12, 
            "name": "Jerusalem"
        }
    }, 
    {
        "pk": 18, 
        "model": "common.city", 
        "fields": {
            "country": 12, 
            "name": "\u05d4\u05e8\u05e6\u05dc\u05d9\u05d4"
        }
    }, 
    {
        "pk": 19, 
        "model": "common.city", 
        "fields": {
            "country": 12, 
            "name": ""
        }
    }, 
    {
        "pk": 20, 
        "model": "common.city", 
        "fields": {
            "country": 12, 
            "name": "\u05d7\u05d9\u05e4\u05d4"
        }
    }, 
    {
        "pk": 21, 
        "model": "common.city", 
        "fields": {
            "country": 12, 
            "name": "\u05d9\u05e8\u05d5\u05e9\u05dc\u05d9\u05dd"
        }
    }, 
    {
        "pk": 22, 
        "model": "common.city", 
        "fields": {
            "country": 12, 
            "name": "\u05ea\u05dc \u05d0\u05d1\u05d9\u05d1 - \u05d9\u05e4\u05d5"
        }
    }, 
    {
        "pk": 23, 
        "model": "common.city", 
        "fields": {
            "country": 12, 
            "name": "\u05e9\u05d3\u05e8\u05d5\u05ea"
        }
    }, 
    {
        "pk": 24, 
        "model": "common.city", 
        "fields": {
            "country": 12, 
            "name": "\u05d9\u05e8\u05d9\u05d7\u05d5"
        }
    }, 
    {
        "pk": 35, 
        "model": "common.city", 
        "fields": {
            "country": 12, 
            "name": "\u05d3\u05d9\u05de\u05d5\u05e0\u05d4"
        }
    }, 
    {
        "pk": 36, 
        "model": "common.city", 
        "fields": {
            "country": 12, 
            "name": "\u05e2\u05e4\u05d5\u05dc\u05d4"
        }
    }, 
    {
        "pk": 37, 
        "model": "common.city", 
        "fields": {
            "country": 12, 
            "name": "\u05d0\u05dc\u05e2\u05d3"
        }
    }, 
    {
        "pk": 38, 
        "model": "common.city", 
        "fields": {
            "country": 12, 
            "name": "\u05d0\u05e9\u05d3\u05d5\u05d3"
        }
    }, 
    {
        "pk": 39, 
        "model": "common.city", 
        "fields": {
            "country": 12, 
            "name": "\u05e8\u05d0\u05e9\u05d5\u05df \u05dc\u05e6\u05d9\u05d5\u05df"
        }
    }, 
    {
        "pk": 40, 
        "model": "common.city", 
        "fields": {
            "country": 12, 
            "name": "\u05e7\u05e8\u05d9\u05d9\u05ea \u05d0\u05ea\u05d0"
        }
    }, 
    {
        "pk": 41, 
        "model": "common.city", 
        "fields": {
            "country": 12, 
            "name": "\u05d0\u05d5\u05e8 \u05e2\u05e7\u05d9\u05d1\u05d0"
        }
    }, 
    {
        "pk": 42, 
        "model": "common.city", 
        "fields": {
            "country": 12, 
            "name": "\u05db\u05e4\u05e8 \u05e1\u05d1\u05d0"
        }
    }, 
    {
        "pk": 43, 
        "model": "common.city", 
        "fields": {
            "country": 12, 
            "name": "\u05d1\u05e0\u05d9 \u05d1\u05e8\u05e7"
        }
    }, 
    {
        "pk": 44, 
        "model": "common.city", 
        "fields": {
            "country": 12, 
            "name": "\u05e8\u05d0\u05e9 \u05d4\u05e2\u05d9\u05df"
        }
    }, 
    {
        "pk": 45, 
        "model": "common.city", 
        "fields": {
            "country": 12, 
            "name": "\u05e7\u05e8\u05d9\u05d9\u05ea \u05d0\u05e8\u05d1\u05e2"
        }
    }, 
    {
        "pk": 46, 
        "model": "common.city", 
        "fields": {
            "country": 12, 
            "name": "\u05e0\u05ea\u05e0\u05d9\u05d4"
        }
    }, 
    {
        "pk": 47, 
        "model": "common.city", 
        "fields": {
            "country": 12, 
            "name": "\u05e8\u05de\u05dc\u05d4"
        }
    }, 
    {
        "pk": 48, 
        "model": "common.city", 
        "fields": {
            "country": 12, 
            "name": "\u05d4\u05d5\u05d3 \u05d4\u05e9\u05e8\u05d5\u05df"
        }
    }, 
    {
        "pk": 49, 
        "model": "common.city", 
        "fields": {
            "country": 12, 
            "name": "\u05e4\u05ea\u05d7 \u05ea\u05e7\u05d5\u05d5\u05d4"
        }
    }, 
    {
        "pk": 471, 
        "model": "common.city", 
        "fields": {
            "country": 12, 
            "name": "\u05e7\u05e8\u05d9\u05d9\u05ea \u05d2\u05ea"
        }
    }, 
    {
        "pk": 472, 
        "model": "common.city", 
        "fields": {
            "country": 12, 
            "name": "\u05d0\u05e9\u05e7\u05dc\u05d5\u05df"
        }
    }, 
    {
        "pk": 473, 
        "model": "common.city", 
        "fields": {
            "country": 12, 
            "name": "\u05d1\u05ea \u05d9\u05dd"
        }
    }, 
    {
        "pk": 474, 
        "model": "common.city", 
        "fields": {
            "country": 12, 
            "name": "\u05e7\u05e8\u05d9\u05d9\u05ea \u05e9\u05de\u05d5\u05e0\u05d4"
        }
    }, 
    {
        "pk": 475, 
        "model": "common.city", 
        "fields": {
            "country": 12, 
            "name": "\u05e7\u05e8\u05d9\u05d9\u05ea \u05d9\u05dd"
        }
    }, 
    {
        "pk": 476, 
        "model": "common.city", 
        "fields": {
            "country": 12, 
            "name": "\u05d7\u05d5\u05dc\u05d5\u05df"
        }
    }, 
    {
        "pk": 477, 
        "model": "common.city", 
        "fields": {
            "country": 12, 
            "name": "\u05d1\u05d0\u05e8 \u05e9\u05d1\u05e2"
        }
    }, 
    {
        "pk": 481, 
        "model": "common.city", 
        "fields": {
            "country": 12, 
            "name": "\u05e8\u05de\u05ea \u05d9\u05e9\u05d9"
        }
    }, 
    {
        "pk": 482, 
        "model": "common.city", 
        "fields": {
            "country": 12, 
            "name": "\u05e8\u05de\u05ea \u05d0\u05e4\u05e2\u05dc"
        }
    }, 
    {
        "pk": 9, 
        "model": "ordering.passenger", 
        "fields": {
            "create_date": "2010-08-03 15:15:09", 
            "phone_verification_code": 12312, 
            "phone": "5555555", 
            "user": 6, 
            "modify_date": "2010-08-03 15:15:09", 
            "phone_verified": true
        }
    }, 
    {
        "pk": 30, 
        "model": "ordering.station", 
        "fields": {
            "city": 22, 
            "create_date": "2010-08-10 12:26:36", 
            "name": "Golden Cabs", 
            "country": 12, 
            "phone": "2313123", 
            "postal_code": "12313213", 
            "user": 26, 
            "modify_date": "2010-08-10 12:26:36", 
            "address": "12312312", 
            "geohash": "123123", 
            "city_area": null
        }
    }, 
    {
        "pk": 464, 
        "model": "ordering.station", 
        "fields": {
            "city": 22, 
            "create_date": "2010-08-16 06:46:50", 
            "name": "Silver Cabs", 
            "country": 12, 
            "phone": "4654654", 
            "postal_code": "123123", 
            "user": 461, 
            "modify_date": "2010-08-16 06:46:50", 
            "address": "123123", 
            "geohash": "123123", 
            "city_area": null
        }
    }, 
    {
        "pk": 75, 
        "model": "ordering.workstation", 
        "fields": {
            "token": "workstation1_token", 
            "station": 30, 
            "user": 69, 
            "im_user": "workstation1"
        }
    }, 
    {
        "pk": 77, 
        "model": "ordering.workstation", 
        "fields": {
            "token": "workstation2_token", 
            "station": 30, 
            "user": 72, 
            "im_user": "workstation2"
        }
    }, 
    {
        "pk": 469, 
        "model": "ordering.workstation", 
        "fields": {
            "token": "123123", 
            "station": 464, 
            "user": 466, 
            "im_user": ""
        }
    }, 
    {
        "pk": 413, 
        "model": "ordering.order", 
        "fields": {
            "passenger": 9, 
            "from_postal_code": null, 
            "create_date": "2010-08-15 12:48:15", 
            "to_lon": 34.769566861181389, 
            "to_geohash": "swnvcc9e7jj9", 
            "from_lon": 34.769956331342385, 
            "to_city": 22, 
            "to_country": 12, 
            "station": null, 
            "to_street_address": "\u05d0\u05dc\u05e0\u05d1\u05d9", 
            "status": 5, 
            "to_postal_code": "000000", 
            "to_city_area": null, 
            "from_lat": 32.062489398651877, 
            "pickup_time": null, 
            "from_country": 12, 
            "from_street_address": "\u05d4\u05e8\u05e6\u05dc", 
            "from_city": 22, 
            "from_geohash": "swnvc9ejwjsu", 
            "from_raw": "\u05d4\u05e8\u05e6\u05dc 10, \u05ea\u05dc \u05d0\u05d1\u05d9\u05d1 - \u05d9\u05e4\u05d5", 
            "to_lat": 32.071287861756424, 
            "from_city_area": null, 
            "to_raw": "\u05d0\u05dc\u05e0\u05d1\u05d9 50, \u05ea\u05dc \u05d0\u05d1\u05d9\u05d1 - \u05d9\u05e4\u05d5", 
            "modify_date": "2010-08-15 12:48:15"
        }
    }, 
    {
        "pk": 414, 
        "model": "ordering.order", 
        "fields": {
            "passenger": 9, 
            "from_postal_code": null, 
            "create_date": "2010-08-15 12:48:55", 
            "to_lon": 34.828449077955874, 
            "to_geohash": "swny4s7f2vrr", 
            "from_lon": 34.769956331342385, 
            "to_city": 22, 
            "to_country": 12, 
            "station": 30, 
            "to_street_address": " \u05e8\u05d0\u05d5\u05dc \u05d5\u05dc\u05e0\u05d1\u05e8\u05d2", 
            "status": 2, 
            "to_postal_code": "000000", 
            "to_city_area": null, 
            "from_lat": 32.062489398651877, 
            "pickup_time": 2, 
            "from_country": 12, 
            "from_street_address": "\u05d4\u05e8\u05e6\u05dc", 
            "from_city": 22, 
            "from_geohash": "swnvc9ejwjsu", 
            "from_raw": "\u05d4\u05e8\u05e6\u05dc 10, \u05ea\u05dc \u05d0\u05d1\u05d9\u05d1 - \u05d9\u05e4\u05d5", 
            "to_lat": 32.107242802374671, 
            "from_city_area": null, 
            "to_raw": " \u05e8\u05d0\u05d5\u05dc \u05d5\u05dc\u05e0\u05d1\u05e8\u05d2, \u05ea\u05dc \u05d0\u05d1\u05d9\u05d1 - \u05d9\u05e4\u05d5", 
            "modify_date": "2010-08-15 13:29:25"
        }
    }, 
    {
        "pk": 416, 
        "model": "ordering.order", 
        "fields": {
            "passenger": 9, 
            "from_postal_code": null, 
            "create_date": "2010-08-15 12:50:52", 
            "to_lon": 34.758132688228528, 
            "to_geohash": "swnv9r88c993", 
            "from_lon": 34.769566861181389, 
            "to_city": 22, 
            "to_country": 12, 
            "station": 30, 
            "to_street_address": "\u05d5\u05d9\u05e7\u05d8\u05d5\u05e8 \u05d4\u05d5\u05d2\u05d5", 
            "status": 2, 
            "to_postal_code": "000000", 
            "to_city_area": null, 
            "from_lat": 32.071287861756424, 
            "pickup_time": 3, 
            "from_country": 12, 
            "from_street_address": "\u05d0\u05dc\u05e0\u05d1\u05d9", 
            "from_city": 22, 
            "from_geohash": "swnvcc9e7jj9", 
            "from_raw": "\u05d0\u05dc\u05e0\u05d1\u05d9 50, \u05ea\u05dc \u05d0\u05d1\u05d9\u05d1 - \u05d9\u05e4\u05d5", 
            "to_lat": 32.047872003649729, 
            "from_city_area": null, 
            "to_raw": "\u05d5\u05d9\u05e7\u05d8\u05d5\u05e8 \u05d4\u05d5\u05d2\u05d5 8, \u05ea\u05dc \u05d0\u05d1\u05d9\u05d1 - \u05d9\u05e4\u05d5", 
            "modify_date": "2010-08-15 15:56:06"
        }
    }, 
    {
        "pk": 419, 
        "model": "ordering.order", 
        "fields": {
            "passenger": 9, 
            "from_postal_code": null, 
            "create_date": "2010-08-15 13:27:16", 
            "to_lon": 34.758132688228528, 
            "to_geohash": "swnv9r88c993", 
            "from_lon": 34.769566861181389, 
            "to_city": 22, 
            "to_country": 12, 
            "station": null, 
            "to_street_address": "\u05d5\u05d9\u05e7\u05d8\u05d5\u05e8 \u05d4\u05d5\u05d2\u05d5", 
            "status": 6, 
            "to_postal_code": "000000", 
            "to_city_area": null, 
            "from_lat": 32.071287861756424, 
            "pickup_time": null, 
            "from_country": 12, 
            "from_street_address": "\u05d0\u05dc\u05e0\u05d1\u05d9", 
            "from_city": 22, 
            "from_geohash": "swnvcc9e7jj9", 
            "from_raw": "\u05d0\u05dc\u05e0\u05d1\u05d9 50, \u05ea\u05dc \u05d0\u05d1\u05d9\u05d1 - \u05d9\u05e4\u05d5", 
            "to_lat": 32.047872003649729, 
            "from_city_area": null, 
            "to_raw": "\u05d5\u05d9\u05e7\u05d8\u05d5\u05e8 \u05d4\u05d5\u05d2\u05d5 8, \u05ea\u05dc \u05d0\u05d1\u05d9\u05d1 - \u05d9\u05e4\u05d5", 
            "modify_date": "2010-08-15 13:28:46"
        }
    }, 
    {
        "pk": 421, 
        "model": "ordering.order", 
        "fields": {
            "passenger": 9, 
            "from_postal_code": null, 
            "create_date": "2010-08-15 13:31:30", 
            "to_lon": 34.84199963307411, 
            "to_geohash": "swny4ycc3e3p", 
            "from_lon": 34.769566861181389, 
            "to_city": 22, 
            "to_country": 12, 
            "station": 30, 
            "to_street_address": "\u05e8\u05d0\u05d5\u05dc \u05d5\u05dc\u05e0\u05d1\u05e8\u05d2", 
            "status": 2, 
            "to_postal_code": "000000", 
            "to_city_area": null, 
            "from_lat": 32.071287861756424, 
            "pickup_time": 20, 
            "from_country": 12, 
            "from_street_address": "\u05d0\u05dc\u05e0\u05d1\u05d9", 
            "from_city": 22, 
            "from_geohash": "swnvcc9e7jj9", 
            "from_raw": "\u05d0\u05dc\u05e0\u05d1\u05d9 50, \u05ea\u05dc \u05d0\u05d1\u05d9\u05d1 - \u05d9\u05e4\u05d5", 
            "to_lat": 32.115506371540825, 
            "from_city_area": null, 
            "to_raw": "\u05e8\u05d0\u05d5\u05dc \u05d5\u05dc\u05e0\u05d1\u05e8\u05d2 34, \u05ea\u05dc \u05d0\u05d1\u05d9\u05d1 - \u05d9\u05e4\u05d5", 
            "modify_date": "2010-08-15 13:31:56"
        }
    }, 
    {
        "pk": 423, 
        "model": "ordering.order", 
        "fields": {
            "passenger": 9, 
            "from_postal_code": null, 
            "create_date": "2010-08-15 14:30:18", 
            "to_lon": 34.828449077955874, 
            "to_geohash": "swny4s7f2vrr", 
            "from_lon": 34.769566861181389, 
            "to_city": 22, 
            "to_country": 12, 
            "station": 30, 
            "to_street_address": " \u05e8\u05d0\u05d5\u05dc \u05d5\u05dc\u05e0\u05d1\u05e8\u05d2", 
            "status": 2, 
            "to_postal_code": "000000", 
            "to_city_area": null, 
            "from_lat": 32.071287861756424, 
            "pickup_time": 3, 
            "from_country": 12, 
            "from_street_address": "\u05d0\u05dc\u05e0\u05d1\u05d9", 
            "from_city": 22, 
            "from_geohash": "swnvcc9e7jj9", 
            "from_raw": "\u05d0\u05dc\u05e0\u05d1\u05d9 50, \u05ea\u05dc \u05d0\u05d1\u05d9\u05d1 - \u05d9\u05e4\u05d5", 
            "to_lat": 32.107242802374671, 
            "from_city_area": null, 
            "to_raw": " \u05e8\u05d0\u05d5\u05dc \u05d5\u05dc\u05e0\u05d1\u05e8\u05d2, \u05ea\u05dc \u05d0\u05d1\u05d9\u05d1 - \u05d9\u05e4\u05d5", 
            "modify_date": "2010-08-15 15:49:16"
        }
    }, 
    {
        "pk": 425, 
        "model": "ordering.order", 
        "fields": {
            "passenger": 9, 
            "from_postal_code": null, 
            "create_date": "2010-08-15 15:47:58", 
            "to_lon": 34.758132688228528, 
            "to_geohash": "swnv9r88c993", 
            "from_lon": 34.769566861181389, 
            "to_city": 22, 
            "to_country": 12, 
            "station": 30, 
            "to_street_address": "\u05d5\u05d9\u05e7\u05d8\u05d5\u05e8 \u05d4\u05d5\u05d2\u05d5", 
            "status": 2, 
            "to_postal_code": "000000", 
            "to_city_area": null, 
            "from_lat": 32.071287861756424, 
            "pickup_time": 5, 
            "from_country": 12, 
            "from_street_address": "\u05d0\u05dc\u05e0\u05d1\u05d9", 
            "from_city": 22, 
            "from_geohash": "swnvcc9e7jj9", 
            "from_raw": "\u05d0\u05dc\u05e0\u05d1\u05d9 50, \u05ea\u05dc \u05d0\u05d1\u05d9\u05d1 - \u05d9\u05e4\u05d5", 
            "to_lat": 32.047872003649729, 
            "from_city_area": null, 
            "to_raw": "\u05d5\u05d9\u05e7\u05d8\u05d5\u05e8 \u05d4\u05d5\u05d2\u05d5 8, \u05ea\u05dc \u05d0\u05d1\u05d9\u05d1 - \u05d9\u05e4\u05d5", 
            "modify_date": "2010-08-15 15:49:17"
        }
    }, 
    {
        "pk": 427, 
        "model": "ordering.order", 
        "fields": {
            "passenger": 9, 
            "from_postal_code": null, 
            "create_date": "2010-08-15 15:50:12", 
            "to_lon": 34.758162634497729, 
            "to_geohash": "swnv9rd8fzjk", 
            "from_lon": 34.769566861181389, 
            "to_city": 22, 
            "to_country": 12, 
            "station": 30, 
            "to_street_address": "\u05de\u05e8\u05d3\u05db\u05d9 \u05d0\u05e8\u05d3\u05d5\u05df", 
            "status": 2, 
            "to_postal_code": "000000", 
            "to_city_area": null, 
            "from_lat": 32.071287861756424, 
            "pickup_time": 7, 
            "from_country": 12, 
            "from_street_address": "\u05d0\u05dc\u05e0\u05d1\u05d9", 
            "from_city": 22, 
            "from_geohash": "swnvcc9e7jj9", 
            "from_raw": "\u05d0\u05dc\u05e0\u05d1\u05d9 50, \u05ea\u05dc \u05d0\u05d1\u05d9\u05d1 - \u05d9\u05e4\u05d5", 
            "to_lat": 32.050677563468362, 
            "from_city_area": null, 
            "to_raw": "\u05de\u05e8\u05d3\u05db\u05d9 \u05d0\u05e8\u05d3\u05d5\u05df 8, \u05ea\u05dc \u05d0\u05d1\u05d9\u05d1 - \u05d9\u05e4\u05d5", 
            "modify_date": "2010-08-15 15:56:20"
        }
    }, 
    {
        "pk": 430, 
        "model": "ordering.order", 
        "fields": {
            "passenger": 9, 
            "from_postal_code": null, 
            "create_date": "2010-08-15 16:11:40", 
            "to_lon": 34.770227076936045, 
            "to_geohash": "swnvc9dr2b0g", 
            "from_lon": 34.768806047405775, 
            "to_city": 22, 
            "to_country": 12, 
            "station": 30, 
            "to_street_address": "\u05d4\u05e8\u05e6\u05dc", 
            "status": 2, 
            "to_postal_code": "000000", 
            "to_city_area": null, 
            "from_lat": 32.072440102005352, 
            "pickup_time": 5, 
            "from_country": 12, 
            "from_street_address": "\u05d0\u05dc\u05e0\u05d1\u05d9", 
            "from_city": 22, 
            "from_geohash": "swnvcc6qyp0w", 
            "from_raw": "\u05d0\u05dc\u05e0\u05d1\u05d9 40, \u05ea\u05dc \u05d0\u05d1\u05d9\u05d1 - \u05d9\u05e4\u05d5", 
            "to_lat": 32.061228819259952, 
            "from_city_area": null, 
            "to_raw": "\u05d4\u05e8\u05e6\u05dc 20, \u05ea\u05dc \u05d0\u05d1\u05d9\u05d1 - \u05d9\u05e4\u05d5", 
            "modify_date": "2010-08-15 16:14:53"
        }
    }, 
    {
        "pk": 432, 
        "model": "ordering.order", 
        "fields": {
            "passenger": 9, 
            "from_postal_code": null, 
            "create_date": "2010-08-15 16:15:18", 
            "to_lon": 34.758047145134235, 
            "to_geohash": "swnv9r887cwg", 
            "from_lon": 34.848617397251246, 
            "to_city": 22, 
            "to_country": 12, 
            "station": null, 
            "to_street_address": "\u05d5\u05d9\u05e7\u05d8\u05d5\u05e8 \u05d4\u05d5\u05d2\u05d5", 
            "status": 6, 
            "to_postal_code": "000000", 
            "to_city_area": null, 
            "from_lat": 32.153407189462783, 
            "pickup_time": null, 
            "from_country": 12, 
            "from_street_address": "\u05e4\u05e8\u05d2\u05d9\u05dd", 
            "from_city": 18, 
            "from_geohash": "swny5xvrutnh", 
            "from_raw": "\u05e4\u05e8\u05d2\u05d9\u05dd 4, \u05d4\u05e8\u05e6\u05dc\u05d9\u05d4", 
            "to_lat": 32.047975819213796, 
            "from_city_area": null, 
            "to_raw": "\u05d5\u05d9\u05e7\u05d8\u05d5\u05e8 \u05d4\u05d5\u05d2\u05d5 20, \u05ea\u05dc \u05d0\u05d1\u05d9\u05d1 - \u05d9\u05e4\u05d5", 
            "modify_date": "2010-08-15 19:33:14"
        }
    }, 
    {
        "pk": 434, 
        "model": "ordering.order", 
        "fields": {
            "passenger": 9, 
            "from_postal_code": null, 
            "create_date": "2010-08-15 16:35:12", 
            "to_lon": 34.84199963307411, 
            "to_geohash": "swny4ycc3e3p", 
            "from_lon": 34.769566861181389, 
            "to_city": 22, 
            "to_country": 12, 
            "station": null, 
            "to_street_address": "\u05e8\u05d0\u05d5\u05dc \u05d5\u05dc\u05e0\u05d1\u05e8\u05d2", 
            "status": 6, 
            "to_postal_code": "000000", 
            "to_city_area": null, 
            "from_lat": 32.071287861756424, 
            "pickup_time": null, 
            "from_country": 12, 
            "from_street_address": "\u05d0\u05dc\u05e0\u05d1\u05d9", 
            "from_city": 22, 
            "from_geohash": "swnvcc9e7jj9", 
            "from_raw": "\u05d0\u05dc\u05e0\u05d1\u05d9 50, \u05ea\u05dc \u05d0\u05d1\u05d9\u05d1 - \u05d9\u05e4\u05d5", 
            "to_lat": 32.115506371540825, 
            "from_city_area": null, 
            "to_raw": "\u05e8\u05d0\u05d5\u05dc \u05d5\u05dc\u05e0\u05d1\u05e8\u05d2 34, \u05ea\u05dc \u05d0\u05d1\u05d9\u05d1 - \u05d9\u05e4\u05d5", 
            "modify_date": "2010-08-15 16:35:22"
        }
    }, 
    {
        "pk": 435, 
        "model": "ordering.order", 
        "fields": {
            "passenger": 9, 
            "from_postal_code": null, 
            "create_date": "2010-08-15 16:37:51", 
            "to_lon": 34.84199963307411, 
            "to_geohash": "swny4ycc3e3p", 
            "from_lon": 34.769566861181389, 
            "to_city": 22, 
            "to_country": 12, 
            "station": null, 
            "to_street_address": "\u05e8\u05d0\u05d5\u05dc \u05d5\u05dc\u05e0\u05d1\u05e8\u05d2", 
            "status": 6, 
            "to_postal_code": "000000", 
            "to_city_area": null, 
            "from_lat": 32.071287861756424, 
            "pickup_time": null, 
            "from_country": 12, 
            "from_street_address": "\u05d0\u05dc\u05e0\u05d1\u05d9", 
            "from_city": 22, 
            "from_geohash": "swnvcc9e7jj9", 
            "from_raw": "\u05d0\u05dc\u05e0\u05d1\u05d9 50, \u05ea\u05dc \u05d0\u05d1\u05d9\u05d1 - \u05d9\u05e4\u05d5", 
            "to_lat": 32.115506371540825, 
            "from_city_area": null, 
            "to_raw": "\u05e8\u05d0\u05d5\u05dc \u05d5\u05dc\u05e0\u05d1\u05e8\u05d2 34, \u05ea\u05dc \u05d0\u05d1\u05d9\u05d1 - \u05d9\u05e4\u05d5", 
            "modify_date": "2010-08-15 16:37:57"
        }
    }, 
    {
        "pk": 436, 
        "model": "ordering.order", 
        "fields": {
            "passenger": 9, 
            "from_postal_code": null, 
            "create_date": "2010-08-15 16:39:51", 
            "to_lon": 34.758162634497729, 
            "to_geohash": "swnv9rd8fzjk", 
            "from_lon": 34.758241347458657, 
            "to_city": 22, 
            "to_country": 12, 
            "station": 30, 
            "to_street_address": "\u05de\u05e8\u05d3\u05db\u05d9 \u05d0\u05e8\u05d3\u05d5\u05df", 
            "status": 2, 
            "to_postal_code": "000000", 
            "to_city_area": null, 
            "from_lat": 32.048125397709576, 
            "pickup_time": 3, 
            "from_country": 12, 
            "from_street_address": "\u05d5\u05d9\u05e7\u05d8\u05d5\u05e8 \u05d4\u05d5\u05d2\u05d5", 
            "from_city": 22, 
            "from_geohash": "swnv9r89rmy3", 
            "from_raw": "\u05d5\u05d9\u05e7\u05d8\u05d5\u05e8 \u05d4\u05d5\u05d2\u05d5 19, \u05ea\u05dc \u05d0\u05d1\u05d9\u05d1 - \u05d9\u05e4\u05d5", 
            "to_lat": 32.050677563468362, 
            "from_city_area": null, 
            "to_raw": "\u05de\u05e8\u05d3\u05db\u05d9 \u05d0\u05e8\u05d3\u05d5\u05df 7, \u05ea\u05dc \u05d0\u05d1\u05d9\u05d1 - \u05d9\u05e4\u05d5", 
            "modify_date": "2010-08-15 16:40:17"
        }
    }, 
    {
        "pk": 438, 
        "model": "ordering.order", 
        "fields": {
            "passenger": 9, 
            "from_postal_code": null, 
            "create_date": "2010-08-15 16:46:43", 
            "to_lon": 34.801824815178485, 
            "to_geohash": "swnvfx2pm67e", 
            "from_lon": 34.771334118329598, 
            "to_city": 22, 
            "to_country": 12, 
            "station": 30, 
            "to_street_address": "\u05d9\u05e8\u05d5\u05d7\u05dd \u05de\u05e9\u05dc", 
            "status": 2, 
            "to_postal_code": "000000", 
            "to_city_area": null, 
            "from_lat": 32.063277724910385, 
            "pickup_time": 7, 
            "from_country": 12, 
            "from_street_address": "\u05e8\u05d5\u05d8\u05e9\u05d9\u05dc\u05d3", 
            "from_city": 22, 
            "from_geohash": "swnvc9gv8w2x", 
            "from_raw": "\u05e8\u05d5\u05d8\u05e9\u05d9\u05dc\u05d3 19, \u05ea\u05dc \u05d0\u05d1\u05d9\u05d1 - \u05d9\u05e4\u05d5", 
            "to_lat": 32.102280856231268, 
            "from_city_area": null, 
            "to_raw": "\u05d9\u05e8\u05d5\u05d7\u05dd \u05de\u05e9\u05dc 19, \u05ea\u05dc \u05d0\u05d1\u05d9\u05d1 - \u05d9\u05e4\u05d5", 
            "modify_date": "2010-08-15 16:47:15"
        }
    }, 
    {
        "pk": 440, 
        "model": "ordering.order", 
        "fields": {
            "passenger": 9, 
            "from_postal_code": null, 
            "create_date": "2010-08-15 18:49:00", 
            "to_lon": 34.771334118329598, 
            "to_geohash": "swnvc9gv8w2x", 
            "from_lon": 34.758241347458657, 
            "to_city": 22, 
            "to_country": 12, 
            "station": 30, 
            "to_street_address": "\u05e8\u05d5\u05d8\u05e9\u05d9\u05dc\u05d3", 
            "status": 2, 
            "to_postal_code": "000000", 
            "to_city_area": null, 
            "from_lat": 32.048125397709576, 
            "pickup_time": 6, 
            "from_country": 12, 
            "from_street_address": "\u05d5\u05d9\u05e7\u05d8\u05d5\u05e8 \u05d4\u05d5\u05d2\u05d5", 
            "from_city": 22, 
            "from_geohash": "swnv9r89rmy3", 
            "from_raw": "\u05d5\u05d9\u05e7\u05d8\u05d5\u05e8 \u05d4\u05d5\u05d2\u05d5 19, \u05ea\u05dc \u05d0\u05d1\u05d9\u05d1 - \u05d9\u05e4\u05d5", 
            "to_lat": 32.063277724910385, 
            "from_city_area": null, 
            "to_raw": "\u05e8\u05d5\u05d8\u05e9\u05d9\u05dc\u05d3 19, \u05ea\u05dc \u05d0\u05d1\u05d9\u05d1 - \u05d9\u05e4\u05d5", 
            "modify_date": "2010-08-15 19:32:09"
        }
    }, 
    {
        "pk": 442, 
        "model": "ordering.order", 
        "fields": {
            "passenger": 9, 
            "from_postal_code": null, 
            "create_date": "2010-08-15 19:33:45", 
            "to_lon": 34.770227076936045, 
            "to_geohash": "swnvc9dr2b0g", 
            "from_lon": 34.768806047405775, 
            "to_city": 22, 
            "to_country": 12, 
            "station": null, 
            "to_street_address": "\u05d4\u05e8\u05e6\u05dc", 
            "status": 6, 
            "to_postal_code": "000000", 
            "to_city_area": null, 
            "from_lat": 32.072440102005352, 
            "pickup_time": null, 
            "from_country": 12, 
            "from_street_address": "\u05d0\u05dc\u05e0\u05d1\u05d9", 
            "from_city": 22, 
            "from_geohash": "swnvcc6qyp0w", 
            "from_raw": "\u05d0\u05dc\u05e0\u05d1\u05d9 40, \u05ea\u05dc \u05d0\u05d1\u05d9\u05d1 - \u05d9\u05e4\u05d5", 
            "to_lat": 32.061228819259952, 
            "from_city_area": null, 
            "to_raw": "\u05d4\u05e8\u05e6\u05dc 20, \u05ea\u05dc \u05d0\u05d1\u05d9\u05d1 - \u05d9\u05e4\u05d5", 
            "modify_date": "2010-08-15 19:34:17"
        }
    }, 
    {
        "pk": 444, 
        "model": "ordering.order", 
        "fields": {
            "passenger": 9, 
            "from_postal_code": null, 
            "create_date": "2010-08-15 19:47:32", 
            "to_lon": 34.770227076936045, 
            "to_geohash": "swnvc9dr2b0g", 
            "from_lon": 34.768806047405775, 
            "to_city": 22, 
            "to_country": 12, 
            "station": 30, 
            "to_street_address": "\u05d4\u05e8\u05e6\u05dc", 
            "status": 2, 
            "to_postal_code": "000000", 
            "to_city_area": null, 
            "from_lat": 32.072440102005352, 
            "pickup_time": 5, 
            "from_country": 12, 
            "from_street_address": "\u05d0\u05dc\u05e0\u05d1\u05d9", 
            "from_city": 22, 
            "from_geohash": "swnvcc6qyp0w", 
            "from_raw": "\u05d0\u05dc\u05e0\u05d1\u05d9 40, \u05ea\u05dc \u05d0\u05d1\u05d9\u05d1 - \u05d9\u05e4\u05d5", 
            "to_lat": 32.061228819259952, 
            "from_city_area": null, 
            "to_raw": "\u05d4\u05e8\u05e6\u05dc 20, \u05ea\u05dc \u05d0\u05d1\u05d9\u05d1 - \u05d9\u05e4\u05d5", 
            "modify_date": "2010-08-15 19:47:51"
        }
    }, 
    {
        "pk": 446, 
        "model": "ordering.order", 
        "fields": {
            "passenger": 9, 
            "from_postal_code": null, 
            "create_date": "2010-08-15 19:53:29", 
            "to_lon": 34.770227076936045, 
            "to_geohash": "swnvc9dr2b0g", 
            "from_lon": 34.768806047405775, 
            "to_city": 22, 
            "to_country": 12, 
            "station": 30, 
            "to_street_address": "\u05d4\u05e8\u05e6\u05dc", 
            "status": 2, 
            "to_postal_code": "000000", 
            "to_city_area": null, 
            "from_lat": 32.072440102005352, 
            "pickup_time": 6, 
            "from_country": 12, 
            "from_street_address": "\u05d0\u05dc\u05e0\u05d1\u05d9", 
            "from_city": 22, 
            "from_geohash": "swnvcc6qyp0w", 
            "from_raw": "\u05d0\u05dc\u05e0\u05d1\u05d9 40, \u05ea\u05dc \u05d0\u05d1\u05d9\u05d1 - \u05d9\u05e4\u05d5", 
            "to_lat": 32.061228819259952, 
            "from_city_area": null, 
            "to_raw": "\u05d4\u05e8\u05e6\u05dc 20, \u05ea\u05dc \u05d0\u05d1\u05d9\u05d1 - \u05d9\u05e4\u05d5", 
            "modify_date": "2010-08-15 19:53:44"
        }
    }, 
    {
        "pk": 448, 
        "model": "ordering.order", 
        "fields": {
            "passenger": 9, 
            "from_postal_code": null, 
            "create_date": "2010-08-15 19:55:53", 
            "to_lon": 34.770227076936045, 
            "to_geohash": "swnvc9dr2b0g", 
            "from_lon": 34.768806047405775, 
            "to_city": 22, 
            "to_country": 12, 
            "station": 30, 
            "to_street_address": "\u05d4\u05e8\u05e6\u05dc", 
            "status": 2, 
            "to_postal_code": "000000", 
            "to_city_area": null, 
            "from_lat": 32.072440102005352, 
            "pickup_time": 5, 
            "from_country": 12, 
            "from_street_address": "\u05d0\u05dc\u05e0\u05d1\u05d9", 
            "from_city": 22, 
            "from_geohash": "swnvcc6qyp0w", 
            "from_raw": "\u05d0\u05dc\u05e0\u05d1\u05d9 40, \u05ea\u05dc \u05d0\u05d1\u05d9\u05d1 - \u05d9\u05e4\u05d5", 
            "to_lat": 32.061228819259952, 
            "from_city_area": null, 
            "to_raw": "\u05d4\u05e8\u05e6\u05dc 20, \u05ea\u05dc \u05d0\u05d1\u05d9\u05d1 - \u05d9\u05e4\u05d5", 
            "modify_date": "2010-08-15 20:05:13"
        }
    }, 
    {
        "pk": 449, 
        "model": "ordering.order", 
        "fields": {
            "passenger": 9, 
            "from_postal_code": null, 
            "create_date": "2010-08-15 19:55:53", 
            "to_lon": 34.770227076936045, 
            "to_geohash": "swnvc9dr2b0g", 
            "from_lon": 34.768806047405775, 
            "to_city": 22, 
            "to_country": 12, 
            "station": 30, 
            "to_street_address": "\u05d4\u05e8\u05e6\u05dc", 
            "status": 2, 
            "to_postal_code": "000000", 
            "to_city_area": null, 
            "from_lat": 32.072440102005352, 
            "pickup_time": 5, 
            "from_country": 12, 
            "from_street_address": "\u05d0\u05dc\u05e0\u05d1\u05d9", 
            "from_city": 22, 
            "from_geohash": "swnvcc6qyp0w", 
            "from_raw": "\u05d0\u05dc\u05e0\u05d1\u05d9 40, \u05ea\u05dc \u05d0\u05d1\u05d9\u05d1 - \u05d9\u05e4\u05d5", 
            "to_lat": 32.061228819259952, 
            "from_city_area": null, 
            "to_raw": "\u05d4\u05e8\u05e6\u05dc 20, \u05ea\u05dc \u05d0\u05d1\u05d9\u05d1 - \u05d9\u05e4\u05d5", 
            "modify_date": "2010-08-15 20:05:21"
        }
    }, 
    {
        "pk": 451, 
        "model": "ordering.order", 
        "fields": {
            "passenger": 9, 
            "from_postal_code": null, 
            "create_date": "2010-08-15 20:04:53", 
            "to_lon": 34.791104230261702, 
            "to_geohash": "swnvgm98f7vk", 
            "from_lon": 34.768806047405775, 
            "to_city": 22, 
            "to_country": 12, 
            "station": null, 
            "to_street_address": "\u05d4\u05e8\u05e6\u05dc \u05e8\u05d5\u05d6\u05e0\u05d1\u05dc\u05d5\u05dd", 
            "status": 6, 
            "to_postal_code": "000000", 
            "to_city_area": null, 
            "from_lat": 32.072440102005352, 
            "pickup_time": null, 
            "from_country": 12, 
            "from_street_address": "\u05d0\u05dc\u05e0\u05d1\u05d9", 
            "from_city": 22, 
            "from_geohash": "swnvcc6qyp0w", 
            "from_raw": "\u05d0\u05dc\u05e0\u05d1\u05d9 40, \u05ea\u05dc \u05d0\u05d1\u05d9\u05d1 - \u05d9\u05e4\u05d5", 
            "to_lat": 32.137173397922403, 
            "from_city_area": null, 
            "to_raw": "\u05d4\u05e8\u05e6\u05dc \u05e8\u05d5\u05d6\u05e0\u05d1\u05dc\u05d5\u05dd 10, \u05ea\u05dc \u05d0\u05d1\u05d9\u05d1 - \u05d9\u05e4\u05d5", 
            "modify_date": "2010-08-15 20:05:24"
        }
    }, 
    {
        "pk": 454, 
        "model": "ordering.order", 
        "fields": {
            "passenger": 9, 
            "from_postal_code": null, 
            "create_date": "2010-08-15 20:09:06", 
            "to_lon": 34.791104230261702, 
            "to_geohash": "swnvgm98f7vk", 
            "from_lon": 34.768806047405775, 
            "to_city": 22, 
            "to_country": 12, 
            "station": 30, 
            "to_street_address": "\u05d4\u05e8\u05e6\u05dc \u05e8\u05d5\u05d6\u05e0\u05d1\u05dc\u05d5\u05dd", 
            "status": 2, 
            "to_postal_code": "000000", 
            "to_city_area": null, 
            "from_lat": 32.072440102005352, 
            "pickup_time": 0, 
            "from_country": 12, 
            "from_street_address": "\u05d0\u05dc\u05e0\u05d1\u05d9", 
            "from_city": 22, 
            "from_geohash": "swnvcc6qyp0w", 
            "from_raw": "\u05d0\u05dc\u05e0\u05d1\u05d9 40, \u05ea\u05dc \u05d0\u05d1\u05d9\u05d1 - \u05d9\u05e4\u05d5", 
            "to_lat": 32.137173397922403, 
            "from_city_area": null, 
            "to_raw": "\u05d4\u05e8\u05e6\u05dc \u05e8\u05d5\u05d6\u05e0\u05d1\u05dc\u05d5\u05dd 10, \u05ea\u05dc \u05d0\u05d1\u05d9\u05d1 - \u05d9\u05e4\u05d5", 
            "modify_date": "2010-08-16 06:32:12"
        }
    }, 
    {
        "pk": 456, 
        "model": "ordering.order", 
        "fields": {
            "passenger": 9, 
            "from_postal_code": null, 
            "create_date": "2010-08-16 06:33:09", 
            "to_lon": 34.770227076936045, 
            "to_geohash": "swnvc9dr2b0g", 
            "from_lon": 34.768806047405775, 
            "to_city": 22, 
            "to_country": 12, 
            "station": 30, 
            "to_street_address": "\u05d4\u05e8\u05e6\u05dc", 
            "status": 2, 
            "to_postal_code": "000000", 
            "to_city_area": null, 
            "from_lat": 32.072440102005352, 
            "pickup_time": 5, 
            "from_country": 12, 
            "from_street_address": "\u05d0\u05dc\u05e0\u05d1\u05d9", 
            "from_city": 22, 
            "from_geohash": "swnvcc6qyp0w", 
            "from_raw": "\u05d0\u05dc\u05e0\u05d1\u05d9 40, \u05ea\u05dc \u05d0\u05d1\u05d9\u05d1 - \u05d9\u05e4\u05d5", 
            "to_lat": 32.061228819259952, 
            "from_city_area": null, 
            "to_raw": "\u05d4\u05e8\u05e6\u05dc 20, \u05ea\u05dc \u05d0\u05d1\u05d9\u05d1 - \u05d9\u05e4\u05d5", 
            "modify_date": "2010-08-16 06:44:00"
        }
    }, 
    {
        "pk": 458, 
        "model": "ordering.order", 
        "fields": {
            "passenger": 9, 
            "from_postal_code": null, 
            "create_date": "2010-08-16 06:34:07", 
            "to_lon": 34.790865441238999, 
            "to_geohash": "swnvgm6rrx3s", 
            "from_lon": 34.848617397251246, 
            "to_city": 22, 
            "to_country": 12, 
            "station": null, 
            "to_street_address": "\u05d4\u05e8\u05e6\u05dc \u05e8\u05d5\u05d6\u05e0\u05d1\u05dc\u05d5\u05dd", 
            "status": 6, 
            "to_postal_code": "000000", 
            "to_city_area": null, 
            "from_lat": 32.153407189462783, 
            "pickup_time": null, 
            "from_country": 12, 
            "from_street_address": "\u05e4\u05e8\u05d2\u05d9\u05dd", 
            "from_city": 18, 
            "from_geohash": "swny5xvrutnh", 
            "from_raw": "\u05e4\u05e8\u05d2\u05d9\u05dd 4, \u05d4\u05e8\u05e6\u05dc\u05d9\u05d4", 
            "to_lat": 32.138423844603594, 
            "from_city_area": null, 
            "to_raw": "\u05d4\u05e8\u05e6\u05dc \u05e8\u05d5\u05d6\u05e0\u05d1\u05dc\u05d5\u05dd 10, \u05ea\u05dc \u05d0\u05d1\u05d9\u05d1 - \u05d9\u05e4\u05d5", 
            "modify_date": "2010-08-16 06:36:12"
        }
    }, 
    {
        "pk": 478, 
        "model": "ordering.order", 
        "fields": {
            "passenger": 9, 
            "from_postal_code": null, 
            "create_date": "2010-08-16 08:16:52", 
            "to_lon": 34.836019808314113, 
            "to_geohash": "swny4teqe2v0", 
            "from_lon": 34.781051985220998, 
            "to_city": 22, 
            "to_country": 12, 
            "station": 30, 
            "to_street_address": "\u05d4\u05d1\u05e8\u05d6\u05dc", 
            "status": 2, 
            "to_postal_code": "000000", 
            "to_city_area": null, 
            "from_lat": 32.092799090283023, 
            "pickup_time": 5, 
            "from_country": 12, 
            "from_street_address": "\u05d9\u05e9\u05e2\u05d9\u05d4\u05d5", 
            "from_city": 22, 
            "from_geohash": "swnvf79q26j2", 
            "from_raw": "\u05d9\u05e9\u05e2\u05d9\u05d4\u05d5 60, \u05ea\u05dc \u05d0\u05d1\u05d9\u05d1 - \u05d9\u05e4\u05d5", 
            "to_lat": 32.106660187421866, 
            "from_city_area": null, 
            "to_raw": "\u05d4\u05d1\u05e8\u05d6\u05dc 4, \u05ea\u05dc \u05d0\u05d1\u05d9\u05d1 - \u05d9\u05e4\u05d5", 
            "modify_date": "2010-08-16 08:18:09"
        }
    }, 
    {
        "pk": 483, 
        "model": "ordering.order", 
        "fields": {
            "passenger": 9, 
            "from_postal_code": null, 
            "create_date": "2010-08-16 08:22:15", 
            "to_lon": 34.781051985220998, 
            "to_geohash": "swnvf79q26j2", 
            "from_lon": 34.848617397251246, 
            "to_city": 22, 
            "to_country": 12, 
            "station": 30, 
            "to_street_address": "\u05d9\u05e9\u05e2\u05d9\u05d4\u05d5", 
            "status": 2, 
            "to_postal_code": "000000", 
            "to_city_area": null, 
            "from_lat": 32.153407189462783, 
            "pickup_time": 0, 
            "from_country": 12, 
            "from_street_address": "\u05e4\u05e8\u05d2\u05d9\u05dd", 
            "from_city": 18, 
            "from_geohash": "swny5xvrutnh", 
            "from_raw": "\u05e4\u05e8\u05d2\u05d9\u05dd 4, \u05d4\u05e8\u05e6\u05dc\u05d9\u05d4", 
            "to_lat": 32.092799090283023, 
            "from_city_area": null, 
            "to_raw": "\u05d9\u05e9\u05e2\u05d9\u05d4\u05d5 60, \u05ea\u05dc \u05d0\u05d1\u05d9\u05d1 - \u05d9\u05e4\u05d5", 
            "modify_date": "2010-08-16 08:23:56"
        }
    }, 
    {
        "pk": 415, 
        "model": "ordering.orderassignment", 
        "fields": {
            "status": 2, 
            "work_station": 75, 
            "create_date": "2010-08-15 12:49:02", 
            "station": 30, 
            "modify_date": "2010-08-15 13:29:25", 
            "order": 414
        }
    }, 
    {
        "pk": 417, 
        "model": "ordering.orderassignment", 
        "fields": {
            "status": 4, 
            "work_station": 75, 
            "create_date": "2010-08-15 12:51:00", 
            "station": 30, 
            "modify_date": "2010-08-15 12:51:35", 
            "order": 416
        }
    }, 
    {
        "pk": 418, 
        "model": "ordering.orderassignment", 
        "fields": {
            "status": 2, 
            "work_station": 77, 
            "create_date": "2010-08-15 12:51:46", 
            "station": 30, 
            "modify_date": "2010-08-15 15:56:06", 
            "order": 416
        }
    }, 
    {
        "pk": 420, 
        "model": "ordering.orderassignment", 
        "fields": {
            "status": 4, 
            "work_station": 75, 
            "create_date": "2010-08-15 13:27:27", 
            "station": 30, 
            "modify_date": "2010-08-15 13:28:11", 
            "order": 419
        }
    }, 
    {
        "pk": 422, 
        "model": "ordering.orderassignment", 
        "fields": {
            "status": 2, 
            "work_station": 75, 
            "create_date": "2010-08-15 13:31:51", 
            "station": 30, 
            "modify_date": "2010-08-15 13:31:56", 
            "order": 421
        }
    }, 
    {
        "pk": 424, 
        "model": "ordering.orderassignment", 
        "fields": {
            "status": 2, 
            "work_station": 75, 
            "create_date": "2010-08-15 14:30:28", 
            "station": 30, 
            "modify_date": "2010-08-15 15:49:16", 
            "order": 423
        }
    }, 
    {
        "pk": 426, 
        "model": "ordering.orderassignment", 
        "fields": {
            "status": 2, 
            "work_station": 75, 
            "create_date": "2010-08-15 15:48:51", 
            "station": 30, 
            "modify_date": "2010-08-15 15:49:17", 
            "order": 425
        }
    }, 
    {
        "pk": 428, 
        "model": "ordering.orderassignment", 
        "fields": {
            "status": 4, 
            "work_station": 75, 
            "create_date": "2010-08-15 15:50:24", 
            "station": 30, 
            "modify_date": "2010-08-15 15:50:38", 
            "order": 427
        }
    }, 
    {
        "pk": 429, 
        "model": "ordering.orderassignment", 
        "fields": {
            "status": 2, 
            "work_station": 77, 
            "create_date": "2010-08-15 15:56:11", 
            "station": 30, 
            "modify_date": "2010-08-15 15:56:20", 
            "order": 427
        }
    }, 
    {
        "pk": 431, 
        "model": "ordering.orderassignment", 
        "fields": {
            "status": 2, 
            "work_station": 77, 
            "create_date": "2010-08-15 16:12:32", 
            "station": 30, 
            "modify_date": "2010-08-15 16:14:53", 
            "order": 430
        }
    }, 
    {
        "pk": 433, 
        "model": "ordering.orderassignment", 
        "fields": {
            "status": 4, 
            "work_station": 77, 
            "create_date": "2010-08-15 16:15:35", 
            "station": 30, 
            "modify_date": "2010-08-15 16:16:24", 
            "order": 432
        }
    }, 
    {
        "pk": 437, 
        "model": "ordering.orderassignment", 
        "fields": {
            "status": 2, 
            "work_station": 77, 
            "create_date": "2010-08-15 16:40:05", 
            "station": 30, 
            "modify_date": "2010-08-15 16:40:17", 
            "order": 436
        }
    }, 
    {
        "pk": 439, 
        "model": "ordering.orderassignment", 
        "fields": {
            "status": 2, 
            "work_station": 77, 
            "create_date": "2010-08-15 16:46:51", 
            "station": 30, 
            "modify_date": "2010-08-15 16:47:15", 
            "order": 438
        }
    }, 
    {
        "pk": 441, 
        "model": "ordering.orderassignment", 
        "fields": {
            "status": 2, 
            "work_station": 77, 
            "create_date": "2010-08-15 18:49:05", 
            "station": 30, 
            "modify_date": "2010-08-15 19:32:09", 
            "order": 440
        }
    }, 
    {
        "pk": 443, 
        "model": "ordering.orderassignment", 
        "fields": {
            "status": 4, 
            "work_station": 77, 
            "create_date": "2010-08-15 19:33:54", 
            "station": 30, 
            "modify_date": "2010-08-15 19:34:09", 
            "order": 442
        }
    }, 
    {
        "pk": 445, 
        "model": "ordering.orderassignment", 
        "fields": {
            "status": 2, 
            "work_station": 77, 
            "create_date": "2010-08-15 19:47:40", 
            "station": 30, 
            "modify_date": "2010-08-15 19:47:51", 
            "order": 444
        }
    }, 
    {
        "pk": 447, 
        "model": "ordering.orderassignment", 
        "fields": {
            "status": 2, 
            "work_station": 77, 
            "create_date": "2010-08-15 19:53:35", 
            "station": 30, 
            "modify_date": "2010-08-15 19:53:44", 
            "order": 446
        }
    }, 
    {
        "pk": 450, 
        "model": "ordering.orderassignment", 
        "fields": {
            "status": 2, 
            "work_station": 77, 
            "create_date": "2010-08-15 19:56:02", 
            "station": 30, 
            "modify_date": "2010-08-15 20:05:21", 
            "order": 449
        }
    }, 
    {
        "pk": 452, 
        "model": "ordering.orderassignment", 
        "fields": {
            "status": 4, 
            "work_station": 77, 
            "create_date": "2010-08-15 20:05:04", 
            "station": 30, 
            "modify_date": "2010-08-15 20:05:15", 
            "order": 451
        }
    }, 
    {
        "pk": 453, 
        "model": "ordering.orderassignment", 
        "fields": {
            "status": 2, 
            "work_station": 77, 
            "create_date": "2010-08-15 20:05:07", 
            "station": 30, 
            "modify_date": "2010-08-15 20:05:13", 
            "order": 448
        }
    }, 
    {
        "pk": 455, 
        "model": "ordering.orderassignment", 
        "fields": {
            "status": 2, 
            "work_station": 77, 
            "create_date": "2010-08-15 20:09:32", 
            "station": 30, 
            "modify_date": "2010-08-16 06:32:12", 
            "order": 454
        }
    }, 
    {
        "pk": 457, 
        "model": "ordering.orderassignment", 
        "fields": {
            "status": 4, 
            "work_station": 77, 
            "create_date": "2010-08-16 06:33:21", 
            "station": 30, 
            "modify_date": "2010-08-16 06:40:37", 
            "order": 456
        }
    }, 
    {
        "pk": 459, 
        "model": "ordering.orderassignment", 
        "fields": {
            "status": 4, 
            "work_station": 77, 
            "create_date": "2010-08-16 06:34:27", 
            "station": 30, 
            "modify_date": "2010-08-16 06:34:35", 
            "order": 458
        }
    }, 
    {
        "pk": 460, 
        "model": "ordering.orderassignment", 
        "fields": {
            "status": 2, 
            "work_station": 75, 
            "create_date": "2010-08-16 06:41:00", 
            "station": 30, 
            "modify_date": "2010-08-16 06:44:00", 
            "order": 456
        }
    }, 
    {
        "pk": 479, 
        "model": "ordering.orderassignment", 
        "fields": {
            "status": 4, 
            "work_station": 75, 
            "create_date": "2010-08-16 08:17:04", 
            "station": 30, 
            "modify_date": "2010-08-16 08:17:39", 
            "order": 478
        }
    }, 
    {
        "pk": 480, 
        "model": "ordering.orderassignment", 
        "fields": {
            "status": 2, 
            "work_station": 77, 
            "create_date": "2010-08-16 08:17:48", 
            "station": 30, 
            "modify_date": "2010-08-16 08:18:09", 
            "order": 478
        }
    }, 
    {
        "pk": 484, 
        "model": "ordering.orderassignment", 
        "fields": {
            "status": 2, 
            "work_station": 75, 
            "create_date": "2010-08-16 08:22:41", 
            "station": 30, 
            "modify_date": "2010-08-16 08:23:55", 
            "order": 483
        }
    }
]
